Codice 1 livello - Divisione,Label ITA 1 livello,Codice 2 livello - Gruppo,Label ITA 2 livello,Codice 3 livello - Classe,Label ITA 3 livello,Descrizione
01,SERVIZI GENERALI DELLE PUBBLICHE AMMINISTRAZIONI ,01.1,"Organi esecutivi e legislativi, attività finanziari e fiscali e affari esteri",01.1.1,Organi esecutivi e legislativi,"Amministrazione, funzionamento e supporto agli organi esecutivi e legislativi."
01,SERVIZI GENERALI DELLE PUBBLICHE AMMINISTRAZIONI ,01.1,"Organi esecutivi e legislativi, attività finanziari e fiscali e affari esteri",01.1.2,Affari finanziari e fiscali,"Amministrazione di affari e servizi finanziari e fiscali; gestione dei fondi e del debito pubblico, funzionamento dei regimi fiscali; funzionamento della tesoreria o del Ministero delle finanze, dell'ufficio del bilancio, dell'erario, delle autoritÃ  doganali, dei servizi contabili e di revisione contabile; produzione e diffusione di informazioni generali, documentazione tecnica e statistiche relative agli affari e ai servizi finanziari e fiscali."
01,SERVIZI GENERALI DELLE PUBBLICHE AMMINISTRAZIONI ,01.1,"Organi esecutivi e legislativi, attività finanziari e fiscali e affari esteri",01.1.3,Affari esteri,"Amministrazione di affari e servizi esteri; funzionamento del ministero di affari esteri e delle missioni diplomatiche e consolari situate all'estero o presso uffici di organismi internazionali; funzionamento o assistenza informativa e serviziculturali per la diffusione al di fuori dei confini nazionali; funzionamento o mantenimento di biblioteche, sale di lettura e servizi di consultazione ubicati all'estero; sottoscrizioni ordinarie e contributi speciali per far fronte alle spese generali di esercizio di organismi internazionali."
01,SERVIZI GENERALI DELLE PUBBLICHE AMMINISTRAZIONI ,01.2,Aiuti economici internazionali,01.2.1,Aiuti economici ai paesi in via di sviluppo ed in transizione,"Amministrazione della cooperazione economica con paesi in via di sviluppo e in transizione; funzionamento di missioni di aiuto economico accreditate pressogoverni esteri; funzionamento o supporto a programmi di assistenza tecnica, a programmi di formazione e piani di borse di studio (fellowship e scholarship); aiuti economici sotto forma di sovvenzioni (in denaro o in natura) o prestiti (indipendentemente dall'interesse addebitato)."
01,SERVIZI GENERALI DELLE PUBBLICHE AMMINISTRAZIONI ,01.2,Aiuti economici internazionali,01.2.2,Aiuti economici erogati attraverso organismi internazionali,"Amministrazione di aiuti economici erogati attraverso organismi internazionali; contributi (in denaro o in natura) a fondi di sviluppo economico gestiti da organismi internazionali, regionali o multinazionali."
01,SERVIZI GENERALI DELLE PUBBLICHE AMMINISTRAZIONI ,01.3,Servizi generali,01.3.1,Servizi generali del personale,Amministrazione e funzionamento dei servizi generali del personale.
01,SERVIZI GENERALI DELLE PUBBLICHE AMMINISTRAZIONI ,01.3,Servizi generali,01.3.2,Servizi di programmazione,"Amministrazione e funzionamento dei servizi di pianificazione economica e sociale in generale, inclusa la formulazione, il coordinamento e il monitoraggio dei piani e dei programmi economici e sociali in generale."
01,SERVIZI GENERALI DELLE PUBBLICHE AMMINISTRAZIONI ,01.3,Servizi generali,01.3.3,Servizi statistici,"Amministrazione e funzionamento dei servizi statistici in generale, compresa la formulazione, il coordinamento e il monitoraggio dei piani e dei programmi statistici in generale."
01,SERVIZI GENERALI DELLE PUBBLICHE AMMINISTRAZIONI ,01.3,Servizi generali,01.3.4,Altri servizi,"Amministrazione e funzionamento di altri servizi generali quali forniture e servizi di approvvigionamento centralizzati, la conservazione e archiviazione di documenti delle amministrazioni, il funzionamento di edifici in locazione o di proprietà dell'amministrazione, il parco centrale automezzi, le tipografie statali, i servizi di elaborazione dati e informatici centralizzati, ecc"
01,SERVIZI GENERALI DELLE PUBBLICHE AMMINISTRAZIONI ,01.4,Ricerca di base,01.4.1,Ricerca di base,"Amministrazione e funzionamento degli enti pubblici impegnati nella ricerca di base; sovvenzioni, prestiti o sussidi a sostegno della ricerca svolta da enti non statali quali istituti di ricerca e università."
01,SERVIZI GENERALI DELLE PUBBLICHE AMMINISTRAZIONI ,01.5,Ricerca & Sviluppo per i servizi pubblici generali,01.5.1,Ricerca & Sviluppo per i servizi pubblici generali,"Amministrazione e funzionamento degli enti pubblici impegnati nella ricerca applicata e nello sviluppo sperimentale connessi ai servizi pubblici generali; sovvenzioni, prestiti o sussidi a sostegno della ricerca applicata e dello sviluppo sperimentale connessi ai servizi pubblici generali svolti da enti non statali quali istituti di ricerca e università."
01,SERVIZI GENERALI DELLE PUBBLICHE AMMINISTRAZIONI ,01.6,Servizi pubblici generali non altrove classificati,01.6.1,Servizi pubblici generali non altrove classificati,"Amministrazione, funzionamento o attività di sostegno relative ai servizi pubblici generali che non rientrano nei gruppi (01.1), (01.2), (01.3), (01.4) o (01.5); attività quali la registrazione degli elettori, gestione delle elezioni, amministrazione di territori non autonomi e di territori in amministrazione fiduciaria, ecc."
01,SERVIZI GENERALI DELLE PUBBLICHE AMMINISTRAZIONI ,01.7,Transazioni relative al debito pubblico,01.7.1,Transazioni relative al debito pubblico,Pagamento di interessi e spese per la sottoscrizione e l'emissione dei titoli del debito pubblico.
01,SERVIZI GENERALI DELLE PUBBLICHE AMMINISTRAZIONI ,01.8,Trasferimenti a carattere generale tra diversi livelli di amministrazione,01.8.1,Trasferimenti a carattere generale tra diversi livelli di amministrazione,Trasferimenti a carattere generale tra diversi livelli di amministrazione non destinati ad una funzione particolare.
02,DIFESA,02.1,Difesa militare,02.1.1,Difesa militare,"Amministrazione delle attività e dei servizi relativi alla difesa militare; funzionamento delle forze di difesa terrestri, marine, aeree e spaziali; funzionamento del genio militare, dei trasporti, delle comunicazioni, dei servizi segreti, del personale e di altre forze non di combattimento; funzionamento o supporto di forze di riserva e ausiliarie del sistema della difesa."
02,DIFESA,02.2,Difesa civile,02.2.1,Difesa civile,Amministrazione delle attività e dei servizi relativi alla difesa civile; formulazione di piani di emergenza; organizzazione di esercitazioni che coinvolgono le istituzioni e la popolazione civile; funzionamento o supporto alle forze di difesa civile.
02,DIFESA,02.3,Aiuti militari all'estero,02.3.1,Aiuti militari all'estero,"Amministrazione degli aiuti militari e funzionamento delle missioni di aiuti militari accreditate presso governi esteri o inserite in organizzazioni o alleanze militari internazionali; aiuti militari sotto forma di sovvenzioni (in denaro o in natura), mutui (indipendentemente dall'interesse addebitato) o prestiti di attrezzature; contributi alle forze internazionali per il mantenimento della pace, compresa l'assegnazione di manodopera."
02,DIFESA,02.4,Ricerca & Sviluppo per la Difesa,02.4.1,Ricerca & Sviluppo per la Difesa,"Amministrazione e funzionamento degli enti pubblici impegnati nella ricerca applicata e nello sviluppo sperimentale relativo alla difesa; sovvenzioni, prestiti o sussidi a sostegno della ricerca applicata e dello sviluppo sperimentale relativi alla difesa e svolti da enti non statali quali istituti di ricerca e università ."
02,DIFESA,02.5,Difesa non altrove classificata,02.5.1,Difesa non altrove classificata,"Amministrazione, funzionamento o attività  di sostegno relative alla difesa che non rientrano nei gruppi (02.1), (02.2), (02.3) oppure (02.4); attivitÃ  quali formulazione, amministrazione, coordinamento e monitoraggio delle politiche, dei piani, dei programmi e dei bilanci relativi alla difesa in generale; predisposizione e attuazione della legislazione relativa alla difesa; produzione e diffusione di informazioni generali, documentazione tecnica e statistiche sulla difesa; ecc."
03,ORDINE PUBBLICO E SICUREZZA,03.1,Servizi di polizia,03.1.1,Servizi di polizia,"Amministrazione delle attività e servizi di polizia, inclusa la registrazione degli stranieri, compresa l'emissione di documenti di lavoro e di viaggio per gli immigrati; la tenuta dei registri degli arresti e delle statistiche relative all'attivitÃ  di polizia; la regolamentazione e il controllo del traffico stradale, del traffico marittimo e della pesca oceanica; funzionamento delle forze di polizia regolari e ausiliarie, delle guardie portuali, costiere e di confine e di altri corpi speciali di polizia dipendenti dalle autorità pubbliche; funzionamento dei laboratori di polizia; funzionamento di soccorso marittimo realizzati dalla guardia costiera; funzionamento o sostegno ai programmi di addestramento della polizia."
03,ORDINE PUBBLICO E SICUREZZA,03.2,Servizi antincendio,03.2.1,Servizi antincendio,Amministrazione dei servizi e delle attività relative alla prevenzione e alla lottaagli incendi; funzionamento del corpo dei vigili del fuoco permanenti e ausiliari e degli altri servizi di prevenzione e lotta agli incendi gestiti dalle autoritÃ  pubbliche; funzionamento o supporto ai programmi di addestramento per la prevenzione e lotta agli incendi.
03,ORDINE PUBBLICO E SICUREZZA,03.3,Tribunali,03.3.1,Tribunali,"Amministrazione, funzionamento o supporto ai tribunali civili e penali e al sistema giudiziario, compresa l'applicazione di sanzioni e di concordati impostidai tribunali e funzionamento dei sistemi di libertÃ  sulla parola e di libertÃ  vigilata; rappresentanza e consulenza legale per conto dello Stato o di altri, offerta, in denaro o in servizi, dal governo stesso."
03,ORDINE PUBBLICO E SICUREZZA,03.4,Carceri,03.4.1,Carceri,"Amministrazione, funzionamento o supporto del sistema carcerario e degli altri luoghi per la detenzione o la riabilitazione dei detenuti quali colonie penali, case di correzione, case di lavoro, riformatori e ospedali psichiatrici per detenuti, ecc."
03,ORDINE PUBBLICO E SICUREZZA,03.5,Ricerca & Sviluppo connessi all'ordine pubblico e sicurezza,03.5.1,Ricerca & Sviluppo connessi all'ordine pubblico e sicurezza,"Amministrazione e funzionamento degli enti pubblici impegnati nella ricerca applicata e nello sviluppo sperimentale connessi all'ordine pubblico e sicurezza; sovvenzioni, prestiti o sussidi a supporto della ricerca applicata e dello sviluppo sperimentale connessi all'ordine pubblico e sicurezza e svolti da enti non statali quali istituti di ricerca ed università."
03,ORDINE PUBBLICO E SICUREZZA,03.6,Ordine pubblico e sicurezza non altrove classificati,03.6.1,Ordine pubblico e sicurezza non altrove classificati,"Amministrazione, funzionamento o attività di supporto collegate all'ordine pubblico e sicurezza che non rientrano nei gruppi (03.1), (03.2), (03.3), (03.4) o (03.5); attività quali la formulazione, l'amministrazione, il coordinamento e il monitoraggio delle politiche, dei piani, dei programmi e dei bilanci connessi all'ordine pubblico e sicurezza in generale; predisposizione ed attuazione della legislazione e della normativa relative all'ordine pubblico e sicurezza; produzione e diffusione di informazioni generali, documentazione tecnica e statistiche sull'ordine pubblico e sicurezza."
04,AFFARI ECONOMICI,04.1,"Affari generali economici, commerciali e del lavoro",04.1.1,Affari generali economici e commerciali,"Amministrazione degli affari e dei servizi economici e commerciali generali, inclusi gli affari generali di commercio con l'estero; formulazione e attuazione delle politiche economiche e  commerciali generali; collegamento fra le diverse branche del governo e fra governo e mondo economico; regolamentazione o supporto alle attivitÃ  economiche e commerciali in generale quali gli scambi import-export nel complesso, mercato delle materie prime e azionario, controlli sul reddito complessivo, sviluppo del commercio, regolamentazione generale dei monopoli e altre limitazioni agli scambi e alle importazioni, ecc.; vigilanza sul settore bancario; funzionamento o supporto alle istituzioni che trattano di brevetti, marchi di fabbrica, diritti d'autore, previsioni meteorologiche, normative, rilevamenti idrologici e geodesici, ecc.; sovvenzioni, prestiti o sussidi per la promozione delle politiche e dei programmi generali economici e commerciali."
04,AFFARI ECONOMICI,04.1,"Affari generali economici, commerciali e del lavoro",04.1.2,Affari generali del lavoro,"Amministrazione degli affari e dei servizi generali del lavoro; formulazione e attuazione delle politiche generali del lavoro; vigilanza e regolamentazione delle condizioni lavorative (orari, retribuzioni, sicurezza, ecc.); collegamento tra le diverse branche dell'amministrazione pubblica e le organizzazioni generali dell'industria, del commercio e del lavoro; funzionamento o supporto ai programmi o ai progetti generali per facilitare la mobilitÃ  del lavoro, per combattere le discriminazioni di sesso, razza, etÃ  o di altro genere, per ridurre il tasso di disoccupazione nelle regioni depresse o sottosviluppate, per promuovere l'occupazione di soggetti svantaggiati o di altri gruppi caratterizzati da alti tassi di disoccupazione, ecc.; funzionamento degli uffici di collocamento, funzionamento o supporto ai servizi di arbitrato e mediazione; produzione e diffusione di informazioni generali, documentazione tecnica e statistiche relative alle attività e ai servizi del lavoro; prestiti, sussidi o sovvenzioni per promuovere le politiche e i programmi generali del lavoro."
04,AFFARI ECONOMICI,04.2,"Agricoltura, silvicoltura, pesca e caccia",04.2.1,Agricoltura,"Amministrazione delle attività e dei servizi connessi all'agricoltura; tutela, bonifica o ampliamento dei terreni arabili; riforma agraria e insediamenti agricoli;vigilanza e regolamentazione del settore agricolo; costruzione o funzionamento dei dispositivi di controllo per le inondazioni, dei sistemi di irrigazione e drenaggio, inclusa l'erogazione di sovvenzioni, prestiti o sussidi per tali opere; funzionamento o supporto ai programmi o piani volti a stabilizzare o migliorare prezzi e redditi agricoli; funzionamento o sostegno ai servizi decentrati o veterinari per gli agricoltori, dei servizi di disinfestazione, di ispezione e di selezione dei raccolti; produzione e diffusione di informazioni generali, documentazione tecnica e statistiche su attività e servizi relativi all'agricoltura; indennizzi, sovvenzioni, prestiti o sussidi per gli agricoltori in relazione alle attività agricole, inclusi gli incentivi per la limitazione o l'aumento della produzione di particolari colture o per lasciare periodicamente i terreni incolti."
04,AFFARI ECONOMICI,04.2,"Agricoltura, silvicoltura, pesca e caccia",04.2.2,Silvicoltura,"Amministrazione delle attività e dei servizi legati alla silvicoltura; tutela, ampliamento e sfruttamento razionale delle riserve boschive; vigilanza e regolamentazione delle operazioni forestali e rilascio di licenze per l'abbattimento degli alberi; funzionamento o supporto alle opere di rimboschimento, lotta contro i parassiti e le malattie, servizi di prevenzione e di lotta agli incendi forestali e servizi di supporto agli operatori forestali; produzione e diffusione di informazioni generali, documentazione tecnica e statistiche su attività e servizi forestali; sovvenzioni, prestiti o sussidi a supporto delle attività forestali commerciali."
04,AFFARI ECONOMICI,04.2,"Agricoltura, silvicoltura, pesca e caccia",04.2.3,Pesca e caccia,"Questa categoria comprende sia la pesca e caccia per fini commerciali che quella per fini sportivi. Le attività e servizi di caccia e pesca sottoelencati si riferiscono ad attivitÃ  che si espletano al di fuori di parchi e riserve naturali. Amministrazione delle attività e dei servizi di caccia e pesca; protezione, incremento e sfruttamento razionale dei pesci e degli animali selvatici; vigilanza e regolamentazione della pesca in acqua dolce, costiera, oceanica, dell'allevamento ittico, della caccia alle specie selvatiche e rilascio di licenze di caccia e di pesca; funzionamento o sostegno a vivai, servizi di ampliamento, attività di incremento e di selezione, ecc.; produzione e diffusione di informazioni generali, documentazione tecnica e statistiche su attivitÃ  e servizi relativi alla caccia e alla pesca; sovvenzioni, prestiti o sussidi a supporto delle attivitÃ  commerciali di pesca e caccia, inclusa la costruzione e il funzionamento dei vivai."
04,AFFARI ECONOMICI,04.3,Combustibili ed energia,04.3.1,Carbone ed altri combustibili solidi minerali,"Questa classe comprende carbone di qualsiasi qualità, lignite e torba indipendentemente dai metodi usati per la loro estrazione, o miglioramento e trasformazione di questi combustibili in altre forme quali coke o gas. Amministrazione delle attività e servizi connessi con combustibili solidi minerali; tutela, scoperta, sviluppo e sfruttamento razionale delle risorse di combustibili solidi minerali; vigilanza e regolamentazione dell'estrazione, della trasformazione, distribuzione e utilizzo dei combustibili solidi minerali; produzione e diffusione di informazioni generali, documentazione tecnica e statistiche su attività e servizi relativi ai combustibili solidi minerali; sovvenzioni, prestiti o sussidi a supporto dell'industria dei combustibili solidi minerali e di coke, di mattoni o del gas lavorato."
04,AFFARI ECONOMICI,04.3,Combustibili ed energia,04.3.2,Petrolio e gas naturali,"Questa classe comprende il gas naturale, il GPL e gas raffinati, di petrolio di pozzo o di altre fonti quali scisto o catrame (bitume) e la distribuzione del gas di città, indipendentemente dalla sua composizione. Amministrazione delle attivitÃ  e servizi connessi con l'estrazione del petrolio e dei gas naturali; conservazione, scoperta, sviluppo e sfruttamento razionale delle risorse petrolifere e di gas naturali; vigilanza e regolamentazione dell'estrazione, trasformazione, distribuzione ed utilizzo di petrolio e gas naturali; produzione e diffusione di informazioni generali, documentazione tecnica e statistiche su attività e servizi relativi a petrolio e gas naturali; sovvenzioni, prestiti o sussidi a supporto dell'industria estrattiva del petrolio e di raffinazione del petrolio grezzo e di tutti i prodotti liquidi e gassosi collegati."
04,AFFARI ECONOMICI,04.3,Combustibili ed energia,04.3.3,Combustibili nucleari,"Amministrazione delle attività e dei servizi relativi ai combustibili nucleari; conservazione, scoperta, sviluppo e sfruttamento razionale delle risorse nucleari; vigilanza e regolamentazione dell'estrazione e della trasformazione dei materiali combustibili nucleari, lavorazione, distribuzione ed utilizzo di elementi combustibili nucleari; produzione e diffusione di informazioni generali, documentazione tecnica e statistiche su attivitÃ  e servizi relativi ai combustibili nucleari; sovvenzioni, prestiti o sussidi a supporto dell'industria estrattiva dei materiali nucleari e delle industrie che trasformano questi materiali."
04,AFFARI ECONOMICI,04.3,Combustibili ed energia,04.3.4,Altri combustibili,"Amministrazione delle attività e dei servizi che comprendono combustibili quali alcool, legname e residui del legname, biogas e altri combustibili non commerciali; produzione e diffusione di informazioni generali, documentazione tecnica e statistiche sulla disponibilità, produzione e utilizzo di questi combustibili; sovvenzioni, prestiti o sussidi per promuovere l'utilizzo di questi combustibili per la produzione di energia."
04,AFFARI ECONOMICI,04.3,Combustibili ed energia,04.3.5,Energia elettrica,"Questa classe comprende sia le risorse convenzionali di energia elettrica, quali centrali termiche o idroelettriche, che risorse non convenzionali quali il vento o l'energia solare. Amministrazione delle attività e servizi relativi all'energia elettrica; tutela, sviluppo e sfruttamento razionale delle fonti di energia elettrica; vigilanza e regolamentazione della produzione, trasmissione e distribuzione di energia elettrica; costruzione o funzionamento di sistemi di fornitura di energia elettrica diversi da quelli utilizzati per l'industria; produzione e diffusione di informazioni generali, documentazione tecnica e statistiche sulle attività e servizi dell'energia elettrica; sovvenzioni, prestiti o sussidi a sostegno dell'industria per la fornitura dell'energia elettrica, incluse le spese per la costruzione di dighe e di altre opere destinate principalmente alla fornitura di energia elettrica."
04,AFFARI ECONOMICI,04.3,Combustibili ed energia,04.3.6,Energia non elettrica,"Amministrazione delle attività e servizi relativi all'energia non elettrica che riguardano principalmente la produzione, la distribuzione e l'utilizzo di calore sotto forma di vapore, acqua o aria calda; costruzione o funzionamento di sistemi diversi da quelli utilizzati per l'industria per la fornitura di energia non elettrica; produzione e diffusione di informazioni generali, documentazione tecnica e statistiche sulla disponibilità, produzione ed utilizzo di energia non elettrica; sovvenzioni, prestiti o sussidi per promuovere l'utilizzo di energia non elettrica."
04,AFFARI ECONOMICI,04.4,"Attività estrattive, manifatturiere ed edilizie",04.4.1,Attività estrattive di minerali diversi dai combustibili,"Questa classe comprende minerali metalliferi, sabbia, argilla, pietra, minerali chimici e fertilizzanti, sale, pietre preziose, amianto, gesso, ecc. Non comprende materiali combustibili nucleari (04.3.3). Amministrazione delle attività e servizi connessi con l'estrazione e con le risorse minerarie; tutela, scoperta, sviluppo e sfruttamento razionale delle risorse minerarie; vigilanza e regolamentazione della prospezione, estrazione, commercializzazione e altri aspetti della produzione mineraria; produzione e diffusione di informazioni generali, documentazione tecnica e statistiche su attività e servizi connessi con l'estrazione e alle risorse minerarie; sovvenzioni, prestiti o sussidi a supporto delle attivitÃ  di estrazione a scopo commerciale."
04,AFFARI ECONOMICI,04.4,"Attività estrattive, manifatturiere ed edilizie",04.4.2,Attività manifatturiere,"Amministrazione delle attivitÃ  e servizi manifatturieri; sviluppo, espansione o miglioramento della manifattura; vigilanza e regolamentazione degli stabilimenti e del funzionamento degli impianti; collegamenti con le associazioni di categoria e le altre organizzazioni interessate nelle attivitÃ  e servizi manifatturieri; produzione e diffusione di informazioni generali, documentazione tecnica e statistiche sulle attivitÃ  manifatturiere e sui prodotti; sovvenzioni, prestiti o sussidi a sostegno delle imprese manifatturiere."
04,AFFARI ECONOMICI,04.4,"Attività estrattive, manifatturiere ed edilizie",04.4.3,Attività edilizia,"Amministrazione delle attività e servizi relativi all'edilizia; vigilanza sull'industria edile; sviluppo e regolamentazione degli standard edilizi; produzione e diffusione di informazioni generali, documentazione tecnica e statistiche su attivitÃ  e servizi edili."
04,AFFARI ECONOMICI,04.5,Trasporti,04.5.1,Trasporti su strada,"Amministrazione delle attività e servizi connessi al funzionamento, all'utilizzo, alla costruzione ed la manutenzione dei sistemi e delle infrastrutture per il trasporto su strada (strade, ponti, gallerie, strutture di parcheggio, capolinea degli autobus, ecc.); vigilanza e regolamentazione dell'utenza stradale (patenti di guida e licenze per veicoli, ispezioni sulla sicurezza dei veicoli, normative sulla dimensione e sul carico per il trasporto stradale di passeggeri e merci, regolamentazione degli orari di lavoro dei conducenti di autobus, pullman e autocarri, ecc.), delle operazioni relative al sistema di trasporto su strada (concessione di licenze, approvazione delle tariffe di trasporto per merci e passeggeri, e delle frequenze del servizio, ecc.) e della costruzione e manutenzione delle strade; costruzione o funzionamento di infrastrutture di sistemi di trasporto su strada diversi da quelli utilizzati per l'industria; produzione e diffusione di informazioni generali, documentazione tecnica e statistiche sulle operazioni relative al trasporto su strada e sulle attività di costruzione  delle strade;  sovvenzioni,  prestiti  o  sussidi a  sostegno  del funzionamento,  della  costruzione,  della  manutenzione  o  del  miglioramento  delle  infrastrutture  e  dei  sistemi di trasporto su strada. Incluso: autostrade, strade e vie urbane, percorsi ciclabili e pedonali. Escluso: controllo del traffico stradale (03.1.1); sovvenzioni, prestiti e sussidi ai costruttori di veicoli stradali (04.4.2); pulizia delle strade (05.1.1); la costruzione di  barriere  anti-rumore  e  altre  strutture compreso  il  rifacimento  di  porzioni  di strade urbane  di  grande  comunicazione con  rivestimenti  anti-rumore  (05.3.1); illuminazione stradale (06.4.1)."
04,AFFARI ECONOMICI,04.5,Trasporti,04.5.2,Trasporti per vie d'acqua,"Amministrazione delle attività e dei servizi connessi al funzionamento, utilizzo, costruzione e manutenzione dei sistemi e delle infrastrutture per il trasporto per vie d'acqua interno, costiero e oceanico (porti, moli, aiuti alla navigazione, canali naturali e artificiali, frangiflutti, pontili, banchine, terminali ecc.); vigilanza e regolamentazione dell'utenza del trasporto per vie d'acqua (registrazione, autorizzazioni e ispezioni di imbarcazioni ed equipaggi, regolamentazione sulla sicurezza dei passeggeri e delle merci ecc.), delle operazioni dei sistemi di trasporto per vie d'acqua (concessione di licenze, approvazione delle tariffe per il trasporto merci e passeggeri e delle frequenze del servizio, ecc.) e della costruzione e manutenzione delle infrastrutture del trasporto per vie d'acqua; costruzione o funzionamento delle infrastr. e dei sistemi di trasporto per vie d'acqua diversi da quelli utilizzati per l'industria (quali i traghetti); produzione e diffusione di informazioni generali, documentazione tecnica e statistiche sulle operazioni e sulle attività di costruzione delle infrastr. relative  al  trasporto  per  vie  d’acqua;  sovvenzioni,  prestiti  o  sussidi  a  sostegno   del   funzionamento,   della   costruzione,   della   manutenzione   o   del   miglioramento delle infrastr. e dei sistemi di trasporto per vie d’acqua. Incluso: supporto per la navigazione radio e satellitare; salvataggio d'emergenza e servizi di rimorchio. Escluso: autorità  doganali  (01.1.2);  aiuti  alla  navigazione  forniti  dalla  guardia costiera (03.1.1);  controllo  del  traffico  per  vie  d’acqua  (03.1.1);  sovvenzioni, prestiti o sussidi ai costruttori navali (04.4.2)."
04,AFFARI ECONOMICI,04.5,Trasporti,04.5.3,Trasporti su rotaia,"Amministrazione delle attività e servizi connessi al funzionamento, utilizzo, costruzione e manutenzione dei sistemi e delle infrastrutture per il trasporto su rotaia (massicciate ferroviarie, terminali, gallerie, ponti, argini, trincee ferroviarie, ecc.); vigilanza e regolamentazione dell'utenza del trasporto su rotaia (condizione del materiale rotabile, stabilità delle massicciate, sicurezza dei passeggeri e delle merci, ecc.), delle operazioni del sistema di trasporto su rotaia (concessione di licenze, approvazione delle tariffe per il trasporto merci e passeggeri e delle frequenze del servizio, ecc.) e della costruzione e manutenzione della rete ferroviaria; funzionamento delle infrastrutture e del sistema di trasporto su rotaia diversi da quelli utilizzati per l'industria; produzione e diffusione di informazioni generali, documentazione tecnica e statistiche sulle operazioni e sulle attività di costruzione relative al trasporto su rotaia; sovvenzioni, prestiti o sussidi a sostegno del funzionamento, della costruzione, della manutenzione o del miglioramento delle infrastrutture e del sistema di trasporto su rotaia. Incluso: sistemi di trasporto su rotaia interurbani e a lunga percorrenza, sistemi di trasporto tranviario; acquisto e manutenzione di materiale rotabile. Escluso:   sovvenzioni,   prestiti   e   sussidi   ai   produttori   di  materiale rotabile (04.4.2); costruzione di argini anti-rumore, barriere ed altre strutture compreso il rifacimento di porzioni di strade ferrate con rivestimenti anti-rumore (05.3.1)."
04,AFFARI ECONOMICI,04.5,Trasporti,04.5.4,Trasporti aerei,"Amministrazione delle attività e dei servizi connessi al funzionamento, utilizzo, costruzione e manutenzione dei sistemi e delle infrastrutture per il trasporto aereo (aeroporti, piste di decollo e atterraggio, terminal, hangar, aiuti alla navigazione aerea e altre strutture per il trasporto aereo); vigilanza e regolamentazione dell'utenza del trasporto aereo registrazione, autorizzazioni e ispezioni degli aeromobili, dei piloti, degli equipaggi, del personale di terra, norme sulla sicurezza dei passeggeri, indagini sugli incidenti aerei, ecc.), delle operazioni del sistema di trasporto aereo (attribuzione di rotte, approvazione delle tariffe per il trasporto merci e passeggeri e delle frequenze e del livello del servizio, ecc.) e della costruzione e manutenzione delle infrastrutture del trasporto aereo; costruzione o funzionamento delle infrastrutture e dei servizi del rasporto aereo pubblico diversi da quelli utilizzati per l'industria; produzione e diffusione di informazioni generali, documentazione tecnica e statistiche sulle operazioni e sulle attività di costruzione relative al  trasporto  aereo  e  alla  costruzione  di  infrastrutture;  sovvenzioni,  prestiti  o  sussidi  a  sostegno  del  funzionamento,  della  costruzione,  della  manutenzione  o  del miglioramento  delle  infrastrutture e del sistema di trasporto aereo.  Incluso:    supporto   per    la    navigazione    radio    e    satellitare;    salvataggio    d'emergenza;  servizi di  linea  e  non  di  linea  per  il  trasporto  merci  e  passeggeri;  regolamentazione  e controllo  dei  voli  privati;  manutenzione  e  riparazione  delle  strutture di controllo aereo e delle attrezzature di volo. Escluso: sovvenzioni, prestiti e sussidi ai costruttori di aeromobili (04.4.2). "
04,AFFARI ECONOMICI,04.5,Trasporti,04.5.5,Condotte ed altri sistemi di trasporto,"Amministrazione delle attività e dei servizi relativi alla costruzione, ampliamento, miglioramento, funzionamento e manutenzione dei sistemi di comunicazione (postali, telefonici, telegrafici, senza fili, satellitari); regolamentazione delle operazioni relative al sistema delle comunicazioni (concessione di licenze; assegnazione delle frequenze, specificazione dei mercati che devono essere serviti e delle tariffe da applicare, ecc.); produzione e diffusione di informazioni generali, documentazione tecnica e statistiche sui servizi e sulle attivitÃ  connesse alle comunicazioni; sovvenzioni, prestiti o sussidi a sostegno della costruzione, del funzionamento, della manutenzione o del miglioramento dei sistemi di comunicazione."
04,AFFARI ECONOMICI,04.6,Comunicazioni,04.6.1,Comunicazioni,"Amministrazione delle attività e dei servizi relativi alla costruzione, ampliamento, miglioramento, funzionamento e manutenzione dei sistemi di comunicazione (postali, telefonici, telegrafici, senza fili, satellitari); regolamentazione delle operazioni relative al sistema delle comunicazioni (concessione di licenze; assegnazione delle frequenze, specificazione dei mercati che devono essere serviti e delle tariffe da applicare, ecc.); produzione e diffusione di informazioni generali, documentazione tecnica e statistiche sui servizi e sulle attivitÃ  connesse alle comunicazioni; sovvenzioni, prestiti o sussidi a sostegno della costruzione, del funzionamento, della manutenzione o del miglioramento dei sistemi di comunicazione."
04,AFFARI ECONOMICI,04.7,Altri settori,04.7.1,"Distribuzione commerciale, conservazione e magazzinaggio","Amministrazione delle attività e dei servizi relativi al settore della distribuzione, conservazione e magazzinaggio; vigilanza e regolamentazione del commercio all'ingrosso e al dettaglio (concessione di licenze, modalitÃ  di vendita, etichettatura di alimenti confezionati e di altre merci destinate al consumo privato, ispezioni su bilance e altri macchinari per la pesatura, ecc.) e del settore della conservazione e del magazzinaggio (inclusa la concessione di licenze e il controllo dei magazzini doganali dello stato, ecc.); amministrazione dei piani di controllo dei prezzi e di razionamento realizzati attraverso dettaglianti e grossisti indipendentemente dai prodotti o dal tipo di consumatore finale; amministrazione e fornitura di alimenti e altri simili sussidi alla collettività; produzione e diffusione di informazioni agli operatori commerciali e ai consumatori sui prezzi, sulla disponibilità delle merci e su altri aspetti della distribuzione commerciale, della conservazione e del magazzinaggio; compilazione e pubblicazione di statistiche sul settore della distribuzione commerciale, della conservazione e del magazzinaggio.Escluso: regolamentazione  dei  prezzi e  altri  controlli  sui  produttori (classificati secondo la funzione); alimenti e altri simili sussidi destinati a particolari gruppi di popolazione o ad individui (10)."
04,AFFARI ECONOMICI,04.7,Altri settori,04.7.2,Alberghi e pubblici esercizi,"Amministrazione delle attività e servizi relativi alla costruzione, l'ampliamento, il miglioramento, il funzionamento e la manutenzione di alberghi e pubblici esercizi; vigilanza e regolamentazione di alberghi e pubblici esercizi (disciplina dei prezzi, della pulizia e dell'esercizio della vendita, concessione di licenze per alberghi e pubblici esercizi, ecc.); produzione e diffusione di informazioni generali, documentazione tecnica e statistiche relative alle attivitÃ  e ai servizi di alberghi e pubblici esercizi; sovvenzioni, prestiti o sussidi a sostegno della costruzione, funzionamento, manutenzione o miglioramento di alberghi e pubblici esercizi."
04,AFFARI ECONOMICI,04.7,Altri settori,04.7.3,Turismo,"Amministrazione delle attività e dei servizi relativi al turismo; promozione e sviluppo del turismo; collegamenti con i settori del trasporto, alberghiero e della ristorazione e con gli altri settori connessi a quello turistico; funzionamento degli uffici turistici nel territorio nazionale e all'estero, ecc.; organizzazione di campagne pubblicitarie, inclusa la produzione e diffusione di materiale pubblicitario e similare; compilazione e pubblicazione di statistiche sul turismo."
04,AFFARI ECONOMICI,04.7,Altri settori,04.7.4,Progetti di sviluppo plurifunzionali,"I progetti di sviluppo plurifunzionali consistono generalmente in servizi integrati per la produzione di energia, il controllo delle inondazioni, l'irrigazione, la navigazione e la ricreazione. Amministrazione delle attività e dei servizi relativi alla costruzione, l'ampliamento, il miglioramento, il funzionamento e la manutenzione di progetti plurifunzionali; produzione e diffusione di informazioni generali, documentazione tecnica e statistiche sulle attivitÃ  e servizi relativi ai progetti di sviluppo plurifunzionali; sovvenzioni, prestiti o sussidi a sostegno della costruzione, funzionamento, manutenzione o miglioramento dei progetti di sviluppo plurifunzionali."
04,AFFARI ECONOMICI,04.8,Ricerca & Sviluppo per gli affari economici,04.8.1,"R&S per gli affari generali economici, commerciali e del lavoro","Amministrazione e funzionamento degli enti pubblici impegnati nella ricerca applicata e nello sviluppo sperimentale connessi con gli affari generali economici, commerciali e del lavoro; sovvenzioni, prestiti o sussidi a supporto della ricerca applicata e dello sviluppo sperimentale connessi con gli affari generali economici, commerciali e del lavoro svolti da enti non statali quali istituti di ricerca ed università."
04,AFFARI ECONOMICI,04.8,Ricerca & Sviluppo per gli affari economici,04.8.2,"R&S per agricoltura, silvicoltura, pesca e caccia","Amministrazione e funzionamento degli enti pubblici impegnati nella ricerca applicata e nello sviluppo sperimentale relativi all'agricoltura, silvicoltura, pesca e caccia; sovvenzioni, prestiti o sussidi a supporto della ricerca applicata e dello sviluppo sperimentale relativi all'agricoltura, silvicoltura, pesca e caccia svolti da enti non statali quali istituti di ricerca ed università."
04,AFFARI ECONOMICI,04.8,Ricerca & Sviluppo per gli affari economici,04.8.3,R&S per combustibili ed energia,"Amministrazione e funzionamento degli enti pubblici impegnati nella ricerca applicata e nello sviluppo sperimentale relativi a combustibili ed energia; sovvenzioni, prestiti o sussidi a supporto della ricerca applicata e dello sviluppo sperimentale relativi a combustibili ed energia svolti da enti non statali quali istituti di ricerca ed università."
04,AFFARI ECONOMICI,04.8,Ricerca & Sviluppo per gli affari economici,04.8.4,"R&S per attività estrattive, manifatturiere ed edilizie","Amministrazione e funzionamento degli enti pubblici impegnati nella ricerca applicata e nello sviluppo sperimentale connesse con attivitÃ  estrattive, manifatturiere ed edilizie; sovvenzioni, prestiti o sussidi a supporto della ricerca applicata e dello sviluppo sperimentale connesse con attività estrattive, manifatturiere ed edilizie svolti da enti non statali quali istituti di ricerca ed università."
04,AFFARI ECONOMICI,04.8,Ricerca & Sviluppo per gli affari economici,04.8.5,R&S per trasporti,"Amministrazione e funzionamento degli enti pubblici impegnati nella ricerca applicata e nello sviluppo sperimentale relativi ai trasporti; sovvenzioni, prestiti o sussidi a supporto della ricerca applicata e dello sviluppo sperimentale relativi ai trasporti svolti da enti non statali quali istituti di ricerca ed università."
04,AFFARI ECONOMICI,04.8,Ricerca & Sviluppo per gli affari economici,04.8.6,R&S per comunicazioni,"Amministrazione e funzionamento degli enti pubblici impegnati nella ricerca applicata e nello sviluppo sperimentale relativi alle comunicazioni; sovvenzioni, prestiti o sussidi a supporto della ricerca applicata e dello sviluppo sperimentale relativi alle comunicazioni svolti da enti non statali quali istituti di ricerca ed università."
04,AFFARI ECONOMICI,04.8,Ricerca & Sviluppo per gli affari economici,04.8.7,R&S per altri settori,"Amministrazione e funzionamento degli enti pubblici impegnati nella ricerca applicata e nello sviluppo sperimentale relativi ad altri settori; sovvenzioni, prestiti o sussidi a supporto della ricerca applicata e dello sviluppo sperimentale relativi ad altri settori svolti da enti non statali quali istituti di ricerca ed università."
04,AFFARI ECONOMICI,04.9,Affari economici non altrove classificati,04.9.1,Affari economici non altrove classificati,"Amministrazione, funzionamento o attivitÃ  di supporto collegate agli affari economici generali e di settore che non rientrano nei gruppi (04.1), (04.2), (04.3), (04.4) (04.5), (04.6), (04.7) o (04.8)."
05,PROTEZIONE DELL'AMBIENTE,05.1,Trattamento dei rifiuti,05.1.1,Trattamento dei rifiuti,"Questa classe comprende la raccolta, il trattamento e lo smaltimento dei rifiuti. La raccolta dei rifiuti include la pulizia delle strade, delle piazze, viali, mercati, giardini pubblici, parchi, ecc.; - la raccolta di tutti i tipi di rifiuti, sia differenziata per tipo di prodotto che indifferenziata , il loro trasporto al luogo di trattamento o discarica. Il trattamento dei rifiuti include tutti i metodi e procedimenti intesi a modificare il carattere o la composizione fisica, chimica o biologica di tutti i rifiuti in modo da neutralizzarli, renderli non pericolosi e piÃ¹ sicuri per il trasporto, rendere possibile il loro recupero o immagazzinamento, ridurre il loro volume. Lo smaltimento dei rifiuti comprende la collocazione attraverso l'interramento, contenimento, smaltimento sotterraneo, scaricamento in mare o qualsiasi altro metodo impiegato per l'eliminazione di quei rifiuti per i quali non si prevede alcun ulteriore utilizzo. - Amministrazione,  vigilanza,  ispezione,  funzionamento  o  supporto  alla  raccolta,  al  trattamento  e  ai  sistemi  di  smaltimento  dei  rifiuti;  sovvenzioni,  prestiti  o  sussidi  a  sostegno  del  funzionamento,  della  costruzione,  della manutenzione o del miglioramento di questi sistemi."
05,PROTEZIONE DELL'AMBIENTE,05.2,Trattamento delle acque reflue,05.2.1,Trattamento delle acque reflue,"Questa classe comprende il funzionamento dei sistemi delle acque reflue e il loro trattamento. Il funzionamento dei sistemi delle acque reflue comprende la gestione e la costruzione dei sistemi di collettori, condutture, tubazioni e pompe per smaltire tutti i tipi di acque reflue (acqua piovana, domestica e qualsiasi altro tipo di acque reflue disponibile) dal luogo di origine agli impianti di smaltimento o allo scarico in acque di superficie. Lo smaltimento delle acque reflue comprende tutti i processi meccanici, biologici o avanzati tali da rendere le stesse idonee a soddisfare gli standard ambientali o le altre norme qualitative. Amministrazione, vigilanza, ispezione, funzionamento o supporto ai sistemi ed allo smaltimento delle acque reflue; sovvenzioni, prestiti o sussidi a sostegno del funzionamento, della costruzione, della manutenzione o del miglioramento di tali sistemi."
05,PROTEZIONE DELL'AMBIENTE,05.3,Riduzione dell'inquinamento,05.3.1,Riduzione dell'inquinamento,"Questa classe comprende le attività relative alla tutela dell'aria e del clima, del terreno e delle acque sotterranee, la riduzione dell'inquinamento acustico e delle vibrazioni, la protezione dalle radiazioni. Queste attività comprendono la costruzione, la manutenzione e il funzionamento dei sistemi e delle stazioni di monitoraggio (escluse le stazioni meteorologiche); la costruzione di argini, barriere ed altre strutture anti-rumore compreso il rifacimento di tratti di autostrade urbane o di ferrovie con materiali che riducono l'inquinamento acustico; le misure per il risanamento delle acque; le misure per controllare o prevenire le emissioni di gas che causano l'effetto serra e delle sostanze inquinanti che incidono negativamente sulla qualità  dell'aria; la costruzione, la manutenzione e il funzionamento di impianti per la decontaminazione di terreni inquinati e per il deposito di prodotti inquinanti; il trasporto di prodotti inquinanti. Amministrazione, vigilanza, ispezione, funzionamento o supporto delle attività collegate alla riduzione e al controllo dell'inquinamento; sovvenzioni,  prestiti  o  sussidi   a   sostegno   delle   attività   collegate   alla riduzione   e   al   controllo   dell’inquinamento"
05,PROTEZIONE DELL'AMBIENTE,05.4,Protezione delle biodiversità e dei beni paesaggistici,05.4.1,Protezione delle biodiversità e dei beni paesaggistici,"Questa classe comprende le attività collegate alla tutela della flora e della fauna (inclusa la reintroduzione di specie estinte e il recupero di specie a rischio di estinzione), la tutela dell'ambiente naturale (inclusa la gestione di parchi e riserve naturali) e la tutela dei paesaggi per il loro valore estetico (incluso il recupero di paesaggi danneggiati, allo scopo di migliorare il loro valore estetico, e il recupero di miniere e cave abbandonate). Amministrazione, vigilanza, ispezione, funzionamento o supporto alle attivitÃ  collegate alla protezione delle biodiversitÃ  e dei beni paesaggistici; sovvenzioni, prestiti o sussidi a sostegno delle attivitÃ  collegate alla protezione delle biodiversitÃ  e dei beni paesaggistici."
05,PROTEZIONE DELL'AMBIENTE,05.5,Ricerca & Sviluppo per la protezione dell'ambiente,05.5.1,Ricerca & Sviluppo per la protezione dell'ambiente,"Amministrazione e funzionamento degli enti pubblici impegnati nella ricerca applicata e nello sviluppo sperimentale connessi alla protezione dell'ambiente; sovvenzioni, prestiti o sussidi a supporto della ricerca applicata e dello sviluppo sperimentale connessi alla protezione dell'ambiente svolti da enti non statali quali istituti di ricerca ed università."
05,PROTEZIONE DELL'AMBIENTE,05.6,Protezione dell'ambiente non altrove classificata,05.6.1,Protezione dell'ambiente non altrove classificata,"Amministrazione, gestione, regolamentazione, vigilanza, funzionamento e attivitÃ  di supporto relative alla protezione dell'ambiente che non rientrano nei gruppi (05.1), (05.2), (05.3), (05.4) e (05.5); attivitÃ  quali la formulazione, l'amministrazione, il coordinamento e il monitoraggio delle politiche, dei piani, dei programmi e dei bilanci in generale per la promozione della tutela dell'ambiente; predisposizione e applicazione della legislazione e degli standard per la fornitura di servizi a tutela dell'ambiente; produzione e diffusione di informazioni generali, documentazione tecnica e statistiche sulla protezione dell'ambiente."
06,ABITAZIONI E ASSETTO TERRITORIALE,06.1,Sviluppo delle abitazioni,06.1.1,Sviluppo delle abitazioni,"Amministrazione delle attività e dei servizi relativi allo sviluppo delle abitazioni; promozione, monitoraggio e valutazione delle attività  di sviluppo abitativo (siano o meno promosse dalle pubbliche autorità ); sviluppo e regolamentazione degli standard edilizi; bonifica dei bassifondi collegata alla fornitura di alloggi; acquisizione di terreni per la costruzione di abitazioni; costruzione o acquisto e ristrutturazione di unità abitative destinate alla collettività o a soggetti con particolari necessità; produzione e diffusione di informazioni al pubblico, documentazione tecnica e statistiche sulle attività e sui servizi relativi allo sviluppo delle abitazioni; sovvenzioni, prestiti o sussidi a sostegno dell'espansione, del miglioramento o della manutenzione delle abitazioni."
06,ABITAZIONI E ASSETTO TERRITORIALE,06.2,Assetto territoriale,06.2.1,Assetto territoriale,"Amministrazione degli affari e servizi relativi all'assetto territoriale; amministrazione dei piani regolatori e dell'utilizzo dei terreni e regolamenti edilizi; pianificazione di zone di insediamento nuove o ripristinate; pianificazione del miglioramento e dello sviluppo di strutture quali alloggi, industrie, servizi pubblici, sanità, istruzione, cultura, strutture ricreative, ecc. a beneficio della collettività; predisposizione di progetti di finanziamento per gli sviluppi pianificati; produzione e diffusione di informazioni generali, documentazione tecnica e statistiche sugli affari e servizi relativi all'assetto territoriale."
06,ABITAZIONI E ASSETTO TERRITORIALE,06.3,Approvvigionamento idrico,06.3.1,Approvvigionamento idrico,"Amministrazione delle attività relative all'approvvigionamento idrico; valutazione delle necessità future e determinazione della disponibilitÃ  sulla base di tale valutazione; vigilanza e regolamentazione di tutto ciÃ² che concerne la fornitura di acqua potabile inclusi i controlli sulla purezza, sulle tariffe e sulla quantità dell'acqua; costruzione o funzionamento dei sistemi di fornitura dell'acqua diversi da quelli utilizzati per l'industria; produzione e diffusione di informazioni generali, documentazione tecnica e statistiche sulle attività e i servizi relativi all'approvvigionamento idrico; sovvenzioni, prestiti o sussidi a sostegno del funzionamento, della costruzione, del mantenimento o del miglioramento dei sistemi di approvvigionamento idrico."
06,ABITAZIONI E ASSETTO TERRITORIALE,06.4,Illuminazione stradale,06.4.1,Illuminazione stradale,"Amministrazione delle attività relative all'illuminazione stradale; sviluppo e regolamentazione degli standard di illuminazione stradale; installazione, funzionamento, manutenzione, miglioramento, ecc. dell'illuminazione stradale."
06,ABITAZIONI E ASSETTO TERRITORIALE,06.5,Ricerca & Sviluppo per abitazioni e assetto territoriale,06.5.1,Ricerca & Sviluppo per abitazioni e assetto territoriale,"Amministrazione e funzionamento degli enti pubblici impegnati nella ricerca applicata e nello sviluppo sperimentale relativo allo sviluppo delle abitazioni e all'assetto territoriale; sovvenzioni, prestiti o sussidi a supporto della ricerca applicata e dello sviluppo sperimentale connessi allo sviluppo delle abitazioni e all'assetto territoriale svolti da enti non statali quali istituti di ricerca ed università."
06,ABITAZIONI E ASSETTO TERRITORIALE,06.6,Abitazioni e assetto territoriale non altrove classificati,06.6.1,Abitazioni e assetto territoriale non altrove classificati,"Attività quali la formulazione, l'amministrazione, il coordinamento e il monitoraggio delle politiche, dei piani, dei programmi e dei bilanci connessi alle abitazioni e all'assetto territoriale; predisposizione ed attuazione della legislazione e della normativa relative alle abitazioni e all'assetto territoriale; produzione e diffusione di informazioni generali, documentazione tecnica e statistiche sulle abitazioni e l'assetto territoriale."
07,SANITA',07.1,"Prodotti, attrezzature e apparecchi sanitari",07.1.1,Prodotti farmaceutici,"Fornitura di prodotti farmaceutici destinati al consumo o all'utilizzo di singoli individui o di famiglie all'esterno delle strutture o istituzioni sanitarie. Più specificamente, questa classe comprende preparati medicinali, sostanze medicinali, specialità  farmaceutiche, sieri e vaccini, vitamine e minerali, olio di fegato di merluzzo di pianuzza, anticoncezionali orali. Amministrazione, funzionamento o supporto alla fornitura di prodotti farmaceutici."
07,SANITA',07.1,"Prodotti, attrezzature e apparecchi sanitari",07.1.2,Altri prodotti sanitari,"Fornitura di altri prodotti sanitari destinati al consumo o all'utilizzo di singoli individui o di famiglie all'esterno delle strutture o istituzioni sanitarie. PiÃ¹ specificamente, questa classe comprende termometri clinici, bende adesive e non adesive, siringhe ipodermiche, cassette di pronto soccorso, bottiglie per acqua calda e borse per il ghiaccio, articoli di maglieria sanitaria quali calze elastiche e ginocchiere, profilattici e altri anticoncezionali meccanici. Amministrazione, funzionamento o supporto alla fornitura di altri prodotti sanitari"
07,SANITA',07.1,"Prodotti, attrezzature e apparecchi sanitari",07.1.3,Apparecchi e attrezzature terapeutiche,"Fornitura di apparecchi e attrezzature terapeutiche destinati all'utilizzo da parte di singoli individui o famiglie all'esterno delle strutture o istituzioni sanitarie. Più specificamente, questa classe comprende lenti correttive e lenti a contatto, apparecchi acustici, protesi oculari, protesi di arti e altri tipi di protesi, sostegni e supporti ortopedici, calzature ortopediche, cinture mediche, cinti erniari e supporti, collari, attrezzature per massaggi medici e lampade sanitarie, sedie a rotelle con o senza motore e carrozzine per invalidi, letti sanitari, misuratori di pressione arteriosa, ecc.; riparazione di apparecchi e attrezzature terapeutiche. Amministrazione, funzionamento o supporto alla fornitura di apparecchi e attrezzature terapeutiche."
07,SANITA',07.2,Servizi non ospedalieri,07.2.1,Servizi medici generici,"Questa classe comprende i servizi forniti da cliniche di medicina generale e da medici generici. Le cliniche di medicina generale sono definite come istituzioni che forniscono soprattutto servizi per pazienti esterni non limitati a particolari specialità mediche e che sono forniti principalmente da medici qualificati; i medici generici sono da intendere come medici senza una particolare specializzazione medica. Fornitura di servizi medici generali a pazienti non ospedalizzati; amministrazione, ispezione, funzionamento o sostegno ai servizi medici generali forniti dalle cliniche di medicina generale e dai medici generici."
07,SANITA',07.2,Servizi non ospedalieri,07.2.2,Servizi medici specialistici,"uesta classe comprende i servizi forniti da cliniche mediche specialistiche e da medici specialisti a pazienti non ospedalizzati. Le cliniche mediche specialistiche e i medici specialisti differiscono dalle cliniche mediche generali e dai medici generici in quanto i loro servizi sono limitati alla cura di una particolare condizione, malattia, procedura medica o tipologia di pazienti. Fornitura di servizi medici specialistici a pazienti non ospedalizzati; amministrazione, ispezione, funzionamento o sostegno ai servizi medici specialistici forniti da cliniche mediche specialistiche e da medici specialisti."
07,SANITA',07.2,Servizi non ospedalieri,07.2.3,Servizi odontoiatrici,"Questa classe comprende i servizi forniti da cliniche odontoiatriche generali o specialistiche e da dentisti, specialisti dell'igiene orale o ausiliari odontoiatrici. Le cliniche odontoiatriche forniscono servizi per pazienti esterni. Non sono necessariamente gestite o composte da medici dentisti, possono essere gestite o dotate di specialisti di igiene orale o di ausiliari odontoiatrici. Fornitura di servizi odontoiatrici per pazienti esterni; amministrazione, ispezione, funzionamento e supporto a servizi odontoiatrici forniti da cliniche odontoiatriche specialistiche o generiche e da dentisti, specialisti dell'igiene orale o altri ausiliari odontoiatrici."
07,SANITA',07.2,Servizi non ospedalieri,07.2.4,Servizi paramedici,"Fornitura di servizi sanitari paramedici per pazienti esterni; amministrazione, ispezione, funzionamento e supporto a servizi sanitari forniti da cliniche gestite da infermiere, levatrici, fisioterapisti, ergoterapisti, logoterapisti o altro personale paramedico, o a servizi sanitari forniti da infermiere, levatrici e personale paramedico presso strutture diverse dagli ambulatori, a domicilio o presso altre istituzioni non mediche"
07,SANITA',07.3,Servizi ospedalieri,07.3.1,Servizi ospedalieri generici,"Fornitura di servizi ospedalieri generici; amministrazione, ispezione, funzionamento o sostegno a ospedali che non limitano il loro servizio ad una particolare specializzazione medica."
07,SANITA',07.3,Servizi ospedalieri,07.3.2,Servizi ospedalieri specialistici,"Gli ospedali specialistici differiscono da quelli generali nel senso che i loro servizi si limitano alla cura di una particolare condizione, malattia o gruppi di pazienti come, per esempio, le malattie del torace e la tubercolosi, la lebbra, il cancro, l'otorinolaringoiatria, l'ostetricia, la pediatria, e così via. Fornitura di servizi ospedalieri specialistici; amministrazione, ispezione, funzionamento o sostegno a ospedali che limitano il loro servizio ad una particolare specializzazione medica."
07,SANITA',07.3,Servizi ospedalieri,07.3.3,Centri di servizi per la maternità e medici,"Fornitura di servizi per centri medici e per maternità ; amministrazione, ispezione, funzionamento o sostegno a servizi per centri medici e per maternità ; amministrazione, ispezione, funzionamento o sostegno a servizi per centri per maternitÃ  e medici."
07,SANITA',07.3,Servizi ospedalieri,07.3.4,Case di cura e riabilitazione,"Le case di cura e riabilitazione forniscono servizi a pazienti interni in convalescenza a seguito di interventi chirurgici o malattie debilitanti o sono in condizioni che richiedono principalmente controllo e somministrazione di farmaci, fisioterapia e riabilitazione per compensare la perdita di funzioni, o riposo. Fornitura di servizi relativi a case di cura e riabilitazione; amministrazione, ispezione, funzionamento o sostegno a servizi relativi a case di cura e riabilitazione."
07,SANITA',07.4,Servizi di sanità pubblica,07.4.1,Servizi di sanità pubblica,"Fornitura di servizi di sanità pubblica; amministrazione, ispezione, funzionamento o sostegno a servizi di sanità pubblica, quali banche del sangue (raccolta, lavorazione, magazzinaggio, spedizione), servizi per l'individuazione delle malattie (cancro, tubercolosi, malattie veneree), servizi di prevenzione (immunizzazione, inoculazione), monitoraggio (alimentazione infantile, stato di salute infantile), raccolta di dati epidemiologici, servizi di pianificazione familiare e così via; predisposizione e diffusione di informazioni in materia di sanità pubblica."
07,SANITA',07.5,Ricerca & Sviluppo per la sanità,07.5.1,Ricerca & Sviluppo per la sanità,"Amministrazione e funzionamento degli enti pubblici impegnati nella ricerca applicata e nello sviluppo sperimentale relativo alla sanitÃà; sovvenzioni, prestiti e sussidi a supporto della ricerca applicata e dello sviluppo sperimentale relativi alla sanità svolti da enti non governativi quali istituti di ricerca ed università ."
07,SANITA',07.6,Sanità non altrove classificata,07.6.1,Sanità non altrove classificata,"Amministrazione, funzionamento o sostegno alle attività relative alla sanitÃ  che non rientrano nei gruppi (07.1), (07.2), (07.3), (07.4) o (07.5); attività quali la formulazione, l'amministrazione, il coordinamento e il monitoraggio delle politiche, dei piani, dei programmi e dei bilanci relativi alla sanità in generale; predisposizione ed attuazione della legislazione e della normativa per la fornitura di servizi sanitari, incluso il rilascio di licenze per istituzioni mediche e per il personale medico e paramedico; produzione e diffusione di informazioni generali, documentazione tecnica e statistiche sulla sanità."
08,"ATTIVITA' RICREATIVE, CULTURALI E DI CULTO",08.1,Attività ricreative,08.1.1,Attività ricreative,"Fornitura di servizi sportivi e ricreativi; amministrazione di attività  sportive e ricreative; vigilanza e regolamentazione delle strutture sportive; funzionamento o sostegno alle strutture per la pratica o per eventi sportivi attivi (campi da gioco, da tennis, da squash, piste da corsa, campi da golf, ring per il pugilato, piste da pattinaggio, palestre, ecc.); funzionamento o sostegno a strutture per la pratica o per eventi sportivi passivi (in particolare luoghi di ritrovo attrezzati in modo specifico per giochi di carte, da tavolo, ecc.); funzionamento o sostegno a strutture a scopi ricreativi (parchi, spiagge, aree di campeggio e relativi alloggi ammobiliati su base non commerciale, piscine, bagni pubblici per lavaggio, ecc.); sovvenzioni, prestiti o sussidi a sostegno di squadre o di singoli concorrenti o giocatori."
08,"ATTIVITA' RICREATIVE, CULTURALI E DI CULTO",08.2,Attività culturali,08.2.1,Attività culturali,"Fornitura di servizi culturali; amministrazione di attività culturali; vigilanza e regolamentazione di strutture culturali; funzionamento o sostegno a strutture a scopo culturale (biblioteche, musei, gallerie d'arte, teatri, sale per esposizioni, monumenti, edifici e luoghi di interesse storico, giardini zoologici e orti botanici, acquari, arboreti, ecc.); produzione, funzionamento o sostegno ad eventi culturali (concerti, produzioni teatrali e cinematografiche, mostre d'arte, ecc.); sovvenzioni, prestiti o sussidi a sostegno di singoli artisti, scrittori, disegnatori, compositori e altri operatori del settore o ad organizzazioni impegnate nella promozione delle attivitÃ  culturale."
08,"ATTIVITA' RICREATIVE, CULTURALI E DI CULTO",08.3,Servizi radiotelevisivi e di editoria,08.3.1,Servizi radiotelevisivi e di editoria,"Amministrazione delle attività radiotelevisive e di editoria; vigilanza e regolamentazione dei servizi radiotelevisivi e di editoria; funzionamento o sostegno ai servizi radiotelevisivi e di editoria; sovvenzioni, prestiti o sussidi a sostegno di: costruzione o acquisizione di strutture per la diffusione radiotelevisiva; costruzione o acquisizione di impianti, attrezzature o materiali per la pubblicazione di giornali, riviste o libri; produzione di materiale per, e sua presentazione attraverso, il sistema radiotelevisivo; raccolta di notizie o di altre informazioni; distribuzione di opere editoriali."
08,"ATTIVITA' RICREATIVE, CULTURALI E DI CULTO",08.4,Servizi di culto e altri servizi per le comunità,08.4.1,Servizi di culto e altri servizi per le comunità,"Amministrazione di attività di culto e per le comunità; fornitura di strutture per servizi di culto e altri servizi per le comunità, incluso il supporto per il loro funzionamento, manutenzione e restauro; pagamento del clero o di altri funzionari di istituzioni religiose, sostegno ai servizi di culto; sovvenzioni, prestiti o sussidi a sostegno di confraternite e organizzazioni civiche, giovanili e sociali o di sindacati e partiti politici."
08,"ATTIVITA' RICREATIVE, CULTURALI E DI CULTO",08.5,"Ricerca & Sviluppo per attività ricreative, culturali e di culto",08.5.1,"Ricerca & Sviluppo per attività ricreative, culturali e di culto","Amministrazione e funzionamento di enti pubblici impegnati nella ricerca applicata e nello sviluppo sperimentale relativo alle attività ricreative, culturali e di culto; sovvenzioni, prestiti e sussidi a sostegno della ricerca applicata e allo sviluppo sperimentale relativi alle attività ricreative, culturali e di culto svolte da enti non statali quali istituti di ricerca e università."
08,"ATTIVITA' RICREATIVE, CULTURALI E DI CULTO",08.6,"Attività ricreative, culturali e di culto non altrove classificate",08.6.1,"Attività ricreative, culturali e di culto non altrove classificate","Amministrazione, funzionamento o attività di sostegno ai servizi ricreativi, culturali e di culto che non rientrano nei gruppi (08.1), (08.2), (08.3), (08.4) o (08.5); attività  quali la formulazione, l'amministrazione, il coordinamento e il monitoraggio delle politiche, dei piani, dei programmi e dei bilanci per la promozione dello sport, delle attività ricreative, culturali e di culto in generale, predisposizione e attuazione della legislazione e della normativa per l'erogazione di servizi ricreativi e culturali; produzione e diffusione di informazioni generali, documentazione tecnica e statistiche sulle attività ricreative, culturali e di culto."
09,ISTRUZIONE,09.1,Istruzione prescolastica e primaria,09.1.1,Istruzione prescolastica,"Erogazione di istruzione prescolastica al livello ISCED-97 \""0\"" (Scuola materna); amministrazione, ispezione, funzionamento o sostegno a scuole e altre istituzioni che erogano istruzione prescolastica al livello ISCED-97 \""0\""."
09,ISTRUZIONE,09.1,Istruzione prescolastica e primaria,09.1.2,Istruzione primaria,"Erogazione di istruzione primaria al livello ISCED-97 \""1\"" (Scuola elementare); amministrazione, ispezione, funzionamento o sostegno a scuole e altre istituzioni che erogano istruzione primaria al livello ISCED-97 \""1\""."
09,ISTRUZIONE,09.2,Istruzione secondaria,09.2.1,Istruzione secondaria inferiore,"Erogazione di istruzione secondaria inferiore al livello ISCED-97 \"" 2\"" (Scuola secondaria inferiore); amministrazione, ispezione, funzionamento o sostegno a scuole e altre istituzioni che erogano istruzione secondaria inferiore al livello ISCED-97 \""2\""; borse di studio sovvenzioni, prestiti e indennità  a sostegno di allievi che frequentano corsi di istruzione secondaria inferiore al livello ISCED-97 \""2\""."
09,ISTRUZIONE,09.2,Istruzione secondaria,09.2.2,Istruzione secondaria superiore,"Erogazione di istruzione secondaria superiore al livello ISCED-97 \""3\"" (Scuola secondaria superiore, formazione professionale post-obbligo); amministrazione, ispezione, funzionamento o sostegno a scuole e altre istituzioni che erogano istruzione secondaria superiore al livello ISCED-97 \""3\""; borse di studio sovvenzioni, prestiti e indennità  a sostegno di allievi che frequentano corsi di istruzione secondaria superiore al livello ISCED-97 \""3\""."
09,ISTRUZIONE,09.3,Istruzione postsecondaria non superiore,09.3.0,Istruzione postsecondaria non superiore,"Erogazione di istruzione post-secondaria non superiore al livello ISCED-97 \""4\"" (Formazione professionale post-diploma, Accademie); amministrazione, ispezione, funzionamento o sostegno ad istituzioni che erogano istruzione postsecondaria non superiore al livello ISCED-97 \""4\""; borse di studio sovvenzioni, prestiti e indennità a sostegno di studenti che seguono corsi di istruzione postsecondaria non superiore al livello ISCED-97 \""4\""."
09,ISTRUZIONE,09.4,Istruzione superiore,09.4.1,Primo grado di istruzione superiore,"Erogazione di istruzione superiore al livello ISCED-97 \""5\"" (Università); amministrazione, ispezione, funzionamento o sostegno a universitÃ  e altre istituzioni che erogano istruzione superiore al livello ISCED-97 \""5\""; borse di studio sovvenzioni, prestiti e indennità  a sostegno di studenti che frequentano corsi di istruzione superiore ai livelli ISCED-97 \""5\""."
09,ISTRUZIONE,09.4,Istruzione superiore,09.4.2,Secondo grado di istruzione superior,"Erogazione di istruzione superiore a livello ISCED-97 \""6\"" (Dottorato di ricerca - Specializzazione); amministrazione, ispezione, funzionamento o sostegno alle istituzioni che forniscono istruzione superiore a livello ISCED-97 \""6\"" ; borse di studio sovvenzioni, prestiti e indennità a sostegno di studenti che frequentano corsi di istruzione superiore ai livelli ISCED-97 \""5\""."
09,ISTRUZIONE,09.5,Istruzione di diverso tipo,09.5.0,Istruzione di diverso tipo,"Erogazione di istruzione di diverso tipo e non definibile tramite i livelli ISCED (vale a dire: programmi didattici, generalmente per adulti, che non richiedono alcun particolare insegnamento preventivo, in particolare, istruzione professionale e accrescimento culturale); amministrazione, ispezione, funzionamento o sostegno a istituzioni che erogano istruzione di diverso tipo; borse di studio, sovvenzioni, prestiti e indennità a sostegno di studenti che frequentano corsi di istruzione di diverso tipo."
09,ISTRUZIONE,09.6,Servizi ausiliari dell'istruzione,09.6.0,Servizi ausiliari dell'istruzione,"Erogazione di servizi ausiliari all'istruzione; amministrazione, ispezione, funzionamento o sostegno alle attività di trasporto, fornitura di vitto e alloggio, assistenza sanitaria e dentistica e altri servizi ausiliari destinati principalmente a studenti, indipendentemente dal livello."
09,ISTRUZIONE,09.7,Ricerca & Sviluppo per l'istruzione,09.7.0,Ricerca & Sviluppo per l'istruzione,"Amministrazione e funzionamento di enti pubblici impegnati nella ricerca applicata e nello sviluppo sperimentale relativo all'istruzione; - sovvenzioni, prestiti e sussidi a sostegno della ricerca applicata e dello sviluppo sperimentale relativi all'istruzione svolte da enti non statali quali istituti di ricerca e università."
09,ISTRUZIONE,09.8,Istruzione non altrove classificata,09.8.0,Istruzione non altrove classificata,"Amministrazione, funzionamento o attività di sostegno quali la formulazione, l'amministrazione, il coordinamento e il monitoraggio delle politiche, dei piani, dei programmi e dei bilanci relativi all'istruzione in generale; predisposizione e attuazione della legislazione e della normativa per l'erogazione dell'istruzione incluso il rilascio delle licenze per istituti di istruzione; produzione e diffusione di informazioni generali, documentazione tecnica e statistiche sull'istruzione."
10,PROTEZIONE SOCIALE,10.1,Malattia e invalidità,10.1.1,Malattia,"Erogazione di protezione sociale nella forma di indennità in denaro o in natura per risarcire in tutto o in parte la perdita di reddito subita durante una temporanea inabilità al lavoro dovuta a malattia o infortunio; amministrazione, funzionamento o sostegno a questi piani di protezione sociale; indennità in danaro, di importo fisso o rapportato al reddito del lavoratore per permessi per malattia, pagamenti vari erogati a favore di persone temporaneamente inabili al lavoro a causa di malattia o infortunio; indennitÃ  in natura, quali assistenza nelle incombenze quotidiane erogate a favore di persone temporaneamente inabili al lavoro a causa di malattia o infortunio (aiuto domestico, mezzi di trasporto, ecc.)."
10,PROTEZIONE SOCIALE,10.1,Malattia e invalidità,10.1.2,Invalidità,"Erogazione di protezione sociale nella forma di indennità in denaro o in natura a persone inabili, in tutto o in parte, a svolgere attività economiche o a condurre una vita normale a causa di danni fisici o mentali, a carattere permanente o che si protraggono oltre un periodo di tempo minimo stabilito; amministrazione,  funzionamento o sostegno a questi piani di protezione sociale; indennità in danaro, quali pensioni per invalidità, indennità per pensionamenti anticipati a causa di riduzione nella capacitÃ  lavorativa, indennità di cura, indennità erogate a favore di invalidi che svolgono lavori adatti alla loro condizione o che seguono corsi di addestramento professionale, altri pagamenti periodici o una tantum erogati ad invalidi per scopi di protezione sociale; indennità in natura, quali alloggio ed eventuale vitto a favore di invalidi presso istituti idonei, assistenza per invalidi nelle incombenze quotidiane (aiuto domestico, mezzi di trasporto, ecc.), indennità erogate a favore di persone che si prendono cura di invalidi, formazione professionale o di altro tipo per favorire il reinserimento  occupazionale  e  sociale  di  invalidi,  servizi  e  beni  di  vario  genere erogati  a  favore  di  invalidi  per  consentire  loro  la  partecipazione  ad  attività  culturali, di svago, di viaggio o di vita collettiva.  Escluso:  servizi  e  prodotti  sanitari  forniti  a  persone  invalide  (07.1),  (07.2)  o  (07.3);  indennità  in  denaro  e  in  natura  corrisposte  a  disabili  al  fine  del  raggiungimento dell'età pensionabile."""
10,PROTEZIONE SOCIALE,10.2,Vecchiaia,10.2.1,Vecchiaia,"Erogazione di protezione sociale nella forma di indennità in denaro o in natura contro i rischi collegati alla vecchiaia (perdita di reddito, reddito insufficiente, perdita dell'autonomia nello svolgere le incombenze quotidiane, ridotta partecipazione alla vita sociale e collettiva, ecc.); amministrazione, funzionamento o sostegno a questi piani di protezione sociale; indennità in danaro, quali pensioni di vecchiaia, pensioni di vecchiaia anticipata, pensioni parziali per collocamento a riposo, indennitÃ  di cura, e altri pagamenti periodici o una tantum erogati in seguito a pensionamento o vecchiaia; indennità in natura, quali alloggio ed eventuale vitto fornito ad anziani sia presso istituzioni specializzate sia con le famiglie presso istituti idonei, assistenza nelle incombenze quotidiane erogate a favore di persone anziane (aiuto domestico, mezzi di trasporto, ecc.), indennità erogate a favore di persone che si prendono cura di persone anziane, beni e servizi di vario genere erogati a favore di persone anziane per consentire loro di partecipare ad attività culturali, di svago, di viaggio, o di vita collettiva. Incluso: piani pensionistici per personale militare e per dipendenti statali. Escluso:  servizi  e  prodotti  sanitari  forniti  a  persone  anziane  (07.1),  (07.2) o (07.3);  indennità  di  pensionamento  anticipata  dovuta  a  invalidità  (10.1.2) o disoccupazione (10.5.1)."
10,PROTEZIONE SOCIALE,10.3,Superstiti,10.3.1,Superstiti,"Erogazione di protezione sociale nella forma di indennità in denaro o in natura a favore di superstiti di persone decedute (coniuge, ex- coniuge, figli, nipoti, genitori o altri parenti); amministrazione, funzionamento o sostegno a questi piani di protezione sociale; indennità in danaro, quali pensioni di reversibilità, sovvenzioni in seguito a decessi, altri pagamenti periodici o una tantum ai superstiti; indennità in natura, quali pagamenti per spese funebri, servizi e beni di vario genere erogati a favore di superstiti per consentire loro di partecipare alla vita della collettività."
10,PROTEZIONE SOCIALE,10.4,Famiglia,10.4.1,Famiglia,"Erogazione di protezione sociale nella forma di indennità in denaro o in natura a favore di famiglie con figli a carico; amministrazione, funzionamento o sostegno a questi piani di protezione sociale; indennità in danaro, quali indennità per maternitÃ , sovvenzioni per nascita di figli, indennità per congedi per motivi di famiglia, assegni familiari, altre somme periodiche o una tantum a sostegno delle famiglie per aiutarle ad affrontare i costi relativi a bisogni specifici quali quelli di famiglie con un solo genitore o famiglie con figli disabili; indennitÃ  in natura, quali sistemazione e vitto per bambini in età prescolare durante il giorno o per parte del giorno, aiuto finanziario nel pagamento di balie che si prendono cura dei bambini durante il giorno, sistemazione e vitto fornito a bambini e famiglie su base permanente (orfanotrofi, famiglie adottive, ecc.), beni e servizi forniti a domicilio a bambini o a coloro che se ne prendono cura, servizi e beni di vario genere forniti a famiglie, giovani o bambini (centri ricreativi e di villeggiatura)."
10,PROTEZIONE SOCIALE,10.5,Disoccupazione,10.5.1,Disoccupazione,"Erogazione di protezione sociale nella forma di indennità in denaro o in natura a favore di persone adatte e disponibili al lavoro ma incapaci di trovare impiego adatto; amministrazione, funzionamento o sostegno a questi piani di protezione sociale; indennità in danaro, quali sussidi di disoccupazione totale o parziale, indennità di pensionamento anticipato corrisposte a lavoratori anziani che sono sottoposti a pensionamento anticipato prima di aver raggiunto l'età pensionabile a causa della disoccupazione o della riduzione di lavoro prodotta da misure economiche, indennità a favore di gruppi specifici di forza lavoro che partecipano a programmi di formazione mirati a sviluppare il loro potenziale all'impiego, cassa integrazione, altri pagamenti periodici o una tantum ai disoccupati, in particolare a quelli di lunga durata; indennitÃ  in natura, quali somme corrisposte per mobilitÃ  e risistemazione, formazione professionale fornita a persone senza lavoro o riqualificazione fornita a persone a rischio di perdere il lavoro, alloggio, vitto o indumenti forniti ai disoccupati e alle loro famiglie. Escluso: servizi  e  prodotti  sanitari  forniti  a  disoccupati  (07.1),  (07.2)  o  (07.3); programmi generali o piani mirati ad accrescere la mobilità del lavoro, a ridurre il tasso di disoccupazione o promuovere l'occupazione di gruppi svantaggiati o altri gruppi caratterizzati da elevata disoccupazione (04.1.2); indennità in denaro e in natura corrisposte a disoccupati prossimi al raggiungimento dell'età pensionabile."
10,PROTEZIONE SOCIALE,10.6,Abitazioni,10.6.1,Abitazioni,"Erogazione di protezione sociale sotto forma di indennità in natura per aiutare le famiglie ad affrontare i costi per l'alloggio (i soggetti beneficiari di queste indennità sono sottoposti a verifica del reddito); amministrazione, funzionamento o sostegno a questi piani di protezione sociale; indennità in natura, quali somme pagate su base temporanea o a lungo termine per aiutare gli inquilini a sostenere le spese di fitto, somme per alleggerire le spese correnti relative alla casa per coloro che abitano casa di proprietÃ  (sussidi per il pagamento di ipoteche e interessi), fornitura di alloggi economici o popolari."
10,PROTEZIONE SOCIALE,10.7,Esclusione sociale non altrove classificata,10.7.1,Esclusione sociale non altrove classificata,"Erogazione di protezione sociale nella forma di indennità in denaro o in natura a favore di persone socialmente svantaggiate o a rischio di esclusione (quali indigenti, a basso reddito, immigrati, profughi, alcolisti, tossicodipendenti, vittime di violenza criminale, ecc.); amministrazione e funzionamento di questi piani di protezione sociale; indennità in denaro, quali sostegno al reddito e altri pagamenti a favore di soggetti indigenti e socialmente deboli per aiutarli ad alleviare il loro stato di povertà o per assisterli in situazioni di difficoltà; indennità in natura quali sistemazioni e vitto a breve o a lungo termine forniti a favore di soggetti indigenti e socialmente deboli, riabilitazione di alcolisti e tossicodipendenti, beni e servizi a favore di persone socialmente deboli quali servizi di consultorio, ricovero diurno, assistenza nell'adempimento di incombenze quotidiane, cibo, indumenti, carburante, ecc.."
10,PROTEZIONE SOCIALE,10.8,Ricerca & Sviluppo per la protezione sociale,10.8.1,Ricerca & Sviluppo per la protezione sociale,"Amministrazione e funzionamento di enti pubblici impegnati nella ricerca applicata e nello sviluppo sperimentale relativi alla protezione sociale; sovvenzioni, prestiti e sussidi a sostegno della ricerca applicata e dello sviluppo sperimentale relativi alla protezione sociale svolti da enti non statali quali istituti di ricerca e università."
10,PROTEZIONE SOCIALE,10.9,Protezione sociale non altrove classificata,10.9.1,Protezione sociale non altrove classificata,"Amministrazione, funzionamento o attività di sostegno relativi alla protezione sociale che non rientrano nei gruppi (10.1), (10.2), (10.3), (10.4), (10.5), (10.6), (10.7) o (10.8); attività quali la formulazione, l'amministrazione, il coordinamento e il monitoraggio delle politiche, dei piani, dei programmi e dei bilanci relativi alla protezione sociale in genere; predisposizione e attuazione della legislazione e della normativa per l'erogazione di protezione sociale; produzione e diffusione di informazioni generali, documentazione tecnica e statistiche sulla protezione sociale."
