Codice_1_livello,Label_ITA_1_livello,Label_ENG_1_livello,Label_1_livello_alternativa,Definizione_ITA,Definizione_ENG,Codice_2_livello,Label_ITA_2_livello,Label_ENG_2_livello,Label_ITA_2_livello_alternativa,Label__ENG_2_livello_alternativa,Definizione_ITA2,Definizione_ENG2,Codice_3_livello,Label_ITA_3_livello,Label_ENG_3_livello,Label_3_livello_alternativa_1,Label_3_livello_alternativa_2,Defnizione_ITA,Definizione_ENG3,Column,Column2,Column3
1,Evento culturale,Cultural event,Eventi culturali,"Evento pubblico prevalentemente focalizzato attorno alla fruizione di prodotti/contenuti legati all'educazione/istruzione, alle arti (visive, letterarie, performative, musicali ...) e alle discipline dei settori scientifico disciplinari","Public event mainly focused around the use of products / content related to education, arts (visual, literary, performative, musical ...) and the disciplines of scientific disciplines",1.1,Manifestazione artistica,Arts exhibition,Manifestazioni artistiche,,"Questo concetto include eventi pubblici che radunano/aggregano/richiamano  pubblico interessato a fruire di prodotti culturali, siano essi intesi come prodotti culturali di ""arte alta"" sia di  ""arte popolare"". Per es. spettacoli teatrali anche amatoriali, ballo e danza classica ma non solo, letture pubbliche di libri, mostre d'arte ecc., spettacoli cinematografici, ecc. ","This concept includes public events such as concerts, theater shows, ballet event, readings, art exposition.",1.1.1,Festival,Festival,,,,,,,
1,Evento culturale,Cultural event,Eventi culturali,"Evento pubblico prevalentemente focalizzato attorno alla fruizione di prodotti/contenuti legati all'educazione/istruzione, alle arti (visive, letterarie, performative, musicali ...) e alle discipline dei settori scientifico disciplinari","Public event mainly focused around the use of products / content related to education, arts (visual, literary, performative, musical ...) and the disciplines of scientific disciplines",1.1,Manifestazione artistica,Arts exhibition,Manifestazioni artistiche,,"Questo concetto include eventi pubblici che radunano/aggregano/richiamano  pubblico interessato a fruire di prodotti culturali, siano essi intesi come prodotti culturali di ""arte alta"" sia di  ""arte popolare"". Per es. spettacoli teatrali anche amatoriali, ballo e danza classica ma non solo, letture pubbliche di libri, mostre d'arte ecc., spettacoli cinematografici, ecc. ","This concept includes public events such as concerts, theater shows, ballet event, readings, art exposition.",1.1.2,Mostra,Exhibition,Mostre,,,,,,
1,Evento culturale,Cultural event,Eventi culturali,"Evento pubblico prevalentemente focalizzato attorno alla fruizione di prodotti/contenuti legati all'educazione/istruzione, alle arti (visive, letterarie, performative, musicali ...) e alle discipline dei settori scientifico disciplinari","Public event mainly focused around the use of products / content related to education, arts (visual, literary, performative, musical ...) and the disciplines of scientific disciplines",1.1,Manifestazione artistica,Arts exhibition,Manifestazioni artistiche,,"Questo concetto include eventi pubblici che radunano/aggregano/richiamano  pubblico interessato a fruire di prodotti culturali, siano essi intesi come prodotti culturali di ""arte alta"" sia di  ""arte popolare"". Per es. spettacoli teatrali anche amatoriali, ballo e danza classica ma non solo, letture pubbliche di libri, mostre d'arte ecc., spettacoli cinematografici, ecc. ","This concept includes public events such as concerts, theater shows, ballet event, readings, art exposition.",1.1.3,Spettacolo teatrale,Theathral show,Spettacoli teatrali,teatro,"Tutti i tipi di eventi relativi al teatro rientrano in questo concetto (e.g., teatro di prosa, spettacoli di teatro in generale)","All types of events regarding the theater are included in this concept (e.g., drama theater and any other show available at theaters)",,,
1,Evento culturale,Cultural event,Eventi culturali,"Evento pubblico prevalentemente focalizzato attorno alla fruizione di prodotti/contenuti legati all'educazione/istruzione, alle arti (visive, letterarie, performative, musicali ...) e alle discipline dei settori scientifico disciplinari","Public event mainly focused around the use of products / content related to education, arts (visual, literary, performative, musical ...) and the disciplines of scientific disciplines",1.1,Manifestazione artistica,Arts exhibition,Manifestazioni artistiche,,"Questo concetto include eventi pubblici che radunano/aggregano/richiamano  pubblico interessato a fruire di prodotti culturali, siano essi intesi come prodotti culturali di ""arte alta"" sia di  ""arte popolare"". Per es. spettacoli teatrali anche amatoriali, ballo e danza classica ma non solo, letture pubbliche di libri, mostre d'arte ecc., spettacoli cinematografici, ecc. ","This concept includes public events such as concerts, theater shows, ballet event, readings, art exposition.",1.1.4,Spettacolo di danza,Dance show,Spettacoli di danza,danza,Tutti i tipi di spettacoli che coinvolgono la danza e il balletto rientrano in questo concetto,All types of events that involve dance and ballet are included in this concept,,,
1,Evento culturale,Cultural event,Eventi culturali,"Evento pubblico prevalentemente focalizzato attorno alla fruizione di prodotti/contenuti legati all'educazione/istruzione, alle arti (visive, letterarie, performative, musicali ...) e alle discipline dei settori scientifico disciplinari","Public event mainly focused around the use of products / content related to education, arts (visual, literary, performative, musical ...) and the disciplines of scientific disciplines",1.1,Manifestazione artistica,Arts exhibition,Manifestazioni artistiche,,"Questo concetto include eventi pubblici che radunano/aggregano/richiamano  pubblico interessato a fruire di prodotti culturali, siano essi intesi come prodotti culturali di ""arte alta"" sia di  ""arte popolare"". Per es. spettacoli teatrali anche amatoriali, ballo e danza classica ma non solo, letture pubbliche di libri, mostre d'arte ecc., spettacoli cinematografici, ecc. ","This concept includes public events such as concerts, theater shows, ballet event, readings, art exposition.",1.1.5,Manifestazione musicale,Music event,Manifestazioni musicali,Concerto di musica,"Tutti i tipi di eventi che riguardano la musica rientrano in questo concetto (e.g., concerti, tour, galà, audizioni, ecc.)","All types of events regarding music are included in this concept (e.g., music tour, music gala, auditions, etc.)",,,
1,Evento culturale,Cultural event,Eventi culturali,"Evento pubblico prevalentemente focalizzato attorno alla fruizione di prodotti/contenuti legati all'educazione/istruzione, alle arti (visive, letterarie, performative, musicali ...) e alle discipline dei settori scientifico disciplinari","Public event mainly focused around the use of products / content related to education, arts (visual, literary, performative, musical ...) and the disciplines of scientific disciplines",1.1,Manifestazione artistica,Arts exhibition,Manifestazioni artistiche,,"Questo concetto include eventi pubblici che radunano/aggregano/richiamano  pubblico interessato a fruire di prodotti culturali, siano essi intesi come prodotti culturali di ""arte alta"" sia di  ""arte popolare"". Per es. spettacoli teatrali anche amatoriali, ballo e danza classica ma non solo, letture pubbliche di libri, mostre d'arte ecc., spettacoli cinematografici, ecc. ","This concept includes public events such as concerts, theater shows, ballet event, readings, art exposition.",1.1.6,Visita guidata,Guided tour,Visite guidate,,,,,,
1,Evento culturale,Cultural event,Eventi culturali,"Evento pubblico prevalentemente focalizzato attorno alla fruizione di prodotti/contenuti legati all'educazione/istruzione, alle arti (visive, letterarie, performative, musicali ...) e alle discipline dei settori scientifico disciplinari","Public event mainly focused around the use of products / content related to education, arts (visual, literary, performative, musical ...) and the disciplines of scientific disciplines",1.1,Manifestazione artistica,Arts exhibition,Manifestazioni artistiche,,"Questo concetto include eventi pubblici che radunano/aggregano/richiamano  pubblico interessato a fruire di prodotti culturali, siano essi intesi come prodotti culturali di ""arte alta"" sia di  ""arte popolare"". Per es. spettacoli teatrali anche amatoriali, ballo e danza classica ma non solo, letture pubbliche di libri, mostre d'arte ecc., spettacoli cinematografici, ecc. ","This concept includes public events such as concerts, theater shows, ballet event, readings, art exposition.",1.1.7,Lettura (pubblica),(Public) reading,Letture (pubbliche),,,,,,
1,Evento culturale,Cultural event,Eventi culturali,"Evento pubblico prevalentemente focalizzato attorno alla fruizione di prodotti/contenuti legati all'educazione/istruzione, alle arti (visive, letterarie, performative, musicali ...) e alle discipline dei settori scientifico disciplinari","Public event mainly focused around the use of products / content related to education, arts (visual, literary, performative, musical ...) and the disciplines of scientific disciplines",1.1,Manifestazione artistica,Arts exhibition,Manifestazioni artistiche,,"Questo concetto include eventi pubblici che radunano/aggregano/richiamano  pubblico interessato a fruire di prodotti culturali, siano essi intesi come prodotti culturali di ""arte alta"" sia di  ""arte popolare"". Per es. spettacoli teatrali anche amatoriali, ballo e danza classica ma non solo, letture pubbliche di libri, mostre d'arte ecc., spettacoli cinematografici, ecc. ","This concept includes public events such as concerts, theater shows, ballet event, readings, art exposition.",1.1.8,Proiezione cinematografica,Cinema projection,Proiezioni cinematografiche,cinema,Tutti i tipi di eventi e spettacoli riguardanti il cinema rientrano in questo concetto,All types of events and shows regarding cinema are included in this concept,,,
1,Evento culturale,Cultural event,Eventi culturali,"Evento pubblico prevalentemente focalizzato attorno alla fruizione di prodotti/contenuti legati all'educazione/istruzione, alle arti (visive, letterarie, performative, musicali ...) e alle discipline dei settori scientifico disciplinari","Public event mainly focused around the use of products / content related to education, arts (visual, literary, performative, musical ...) and the disciplines of scientific disciplines",1.1,Manifestazione artistica,Arts exhibition,Manifestazioni artistiche,,"Questo concetto include eventi pubblici che radunano/aggregano/richiamano  pubblico interessato a fruire di prodotti culturali, siano essi intesi come prodotti culturali di ""arte alta"" sia di  ""arte popolare"". Per es. spettacoli teatrali anche amatoriali, ballo e danza classica ma non solo, letture pubbliche di libri, mostre d'arte ecc., spettacoli cinematografici, ecc. ","This concept includes public events such as concerts, theater shows, ballet event, readings, art exposition.",1.1.9,Visita libera,Free tour,Visite libere,,,,,,
1,Evento culturale,Cultural event,Eventi culturali,"Evento pubblico prevalentemente focalizzato attorno alla fruizione di prodotti/contenuti legati all'educazione/istruzione, alle arti (visive, letterarie, performative, musicali ...) e alle discipline dei settori scientifico disciplinari","Public event mainly focused around the use of products / content related to education, arts (visual, literary, performative, musical ...) and the disciplines of scientific disciplines",1.2,Evento di formazione,Training and workshop event,Eventi di formazione,Training and workshops,"Questo concetto include eventi pubblici che radunano/aggregano/richiamano un pubblico interessato ad attività formative come corsi, scuole estive, webinar, workshop, seminari ecc.","This concept includes public events srelated to training (e.g., summer schools, webinars, workshops and seminars, etc.)",1.2.1,Scuola estiva / invernale,Summer/Winter school,Scuole estive/invernali,,,,,,
1,Evento culturale,Cultural event,Eventi culturali,"Evento pubblico prevalentemente focalizzato attorno alla fruizione di prodotti/contenuti legati all'educazione/istruzione, alle arti (visive, letterarie, performative, musicali ...) e alle discipline dei settori scientifico disciplinari","Public event mainly focused around the use of products / content related to education, arts (visual, literary, performative, musical ...) and the disciplines of scientific disciplines",1.2,Evento di formazione,Training and workshop event,Eventi di formazione,Training and workshops,"Questo concetto include eventi pubblici che radunano/aggregano/richiamano un pubblico interessato ad attività formative come corsi, scuole estive, webinar, workshop, seminari ecc.","This concept includes public events srelated to training (e.g., summer schools, webinars, workshops and seminars, etc.)",1.2.2,Webinar,Webinar,,,,,,,
1,Evento culturale,Cultural event,Eventi culturali,"Evento pubblico prevalentemente focalizzato attorno alla fruizione di prodotti/contenuti legati all'educazione/istruzione, alle arti (visive, letterarie, performative, musicali ...) e alle discipline dei settori scientifico disciplinari","Public event mainly focused around the use of products / content related to education, arts (visual, literary, performative, musical ...) and the disciplines of scientific disciplines",1.2,Evento di formazione,Training and workshop event,Eventi di formazione,Training and workshops,"Questo concetto include eventi pubblici che radunano/aggregano/richiamano un pubblico interessato ad attività formative come corsi, scuole estive, webinar, workshop, seminari ecc.","This concept includes public events srelated to training (e.g., summer schools, webinars, workshops and seminars, etc.)",1.2.3,Seminario,Seminar,Seminari,,,,,,
1,Evento culturale,Cultural event,Eventi culturali,"Evento pubblico prevalentemente focalizzato attorno alla fruizione di prodotti/contenuti legati all'educazione/istruzione, alle arti (visive, letterarie, performative, musicali ...) e alle discipline dei settori scientifico disciplinari","Public event mainly focused around the use of products / content related to education, arts (visual, literary, performative, musical ...) and the disciplines of scientific disciplines",1.2,Evento di formazione,Training and workshop event,Eventi di formazione,Training and workshops,"Questo concetto include eventi pubblici che radunano/aggregano/richiamano un pubblico interessato ad attività formative come corsi, scuole estive, webinar, workshop, seminari ecc.","This concept includes public events srelated to training (e.g., summer schools, webinars, workshops and seminars, etc.)",1.2.4,Laboratorio,Workshop,Laboratori,,,,,,
1,Evento culturale,Cultural event,Eventi culturali,"Evento pubblico prevalentemente focalizzato attorno alla fruizione di prodotti/contenuti legati all'educazione/istruzione, alle arti (visive, letterarie, performative, musicali ...) e alle discipline dei settori scientifico disciplinari","Public event mainly focused around the use of products / content related to education, arts (visual, literary, performative, musical ...) and the disciplines of scientific disciplines",1.2,Evento di formazione,Training and workshop event,Eventi di formazione,Training and workshops,"Questo concetto include eventi pubblici che radunano/aggregano/richiamano un pubblico interessato ad attività formative come corsi, scuole estive, webinar, workshop, seminari ecc.","This concept includes public events srelated to training (e.g., summer schools, webinars, workshops and seminars, etc.)",1.2.5,Presentazione libro,Book presentation,Presentazioni libri,,,,,,
1,Evento culturale,Cultural event,Eventi culturali,"Evento pubblico prevalentemente focalizzato attorno alla fruizione di prodotti/contenuti legati all'educazione/istruzione, alle arti (visive, letterarie, performative, musicali ...) e alle discipline dei settori scientifico disciplinari","Public event mainly focused around the use of products / content related to education, arts (visual, literary, performative, musical ...) and the disciplines of scientific disciplines",1.2,Evento di formazione,Training and workshop event,Eventi di formazione,Training and workshops,"Questo concetto include eventi pubblici che radunano/aggregano/richiamano un pubblico interessato ad attività formative come corsi, scuole estive, webinar, workshop, seminari ecc.","This concept includes public events srelated to training (e.g., summer schools, webinars, workshops and seminars, etc.)",1.2.6,Corso,Course ,Corsi,,"In questo concetto rientrano anche  corsi su materie spercifiche come per esempio corsi musiciali, corsi di teatro, corsi di danza,  o corsi sportivi","Yhis concept also includes  courses on specific subject such as  teather courses, dance courses, sport ccourses, music courses, etc.)",,,
1,Evento culturale,Cultural event,Eventi culturali,"Evento pubblico prevalentemente focalizzato attorno alla fruizione di prodotti/contenuti legati all'educazione/istruzione, alle arti (visive, letterarie, performative, musicali ...) e alle discipline dei settori scientifico disciplinari","Public event mainly focused around the use of products / content related to education, arts (visual, literary, performative, musical ...) and the disciplines of scientific disciplines",1.3,Conferenza e summit,Confernce and summit,Conferenze ,Conferences and summits,"Questo concetto include eventi pubblici che radunano/aggregano/richiamano un pubblico interessato a partecipare a  conferenze e raduni quali che hanno finalità di presentazione e discussione di tematiche contemporanee su campi vari della cultura quali la scienza, l'economia, la tecnica, questioni sociali, non prevalentemente a scopi commerciali.  ","This concept includes public events such as conferences, summits, congresses and colloquiums.",1.3.1,Convegno / Conferenza,Conference,Convegni,Conferenze,,,,,
1,Evento culturale,Cultural event,Eventi culturali,"Evento pubblico prevalentemente focalizzato attorno alla fruizione di prodotti/contenuti legati all'educazione/istruzione, alle arti (visive, letterarie, performative, musicali ...) e alle discipline dei settori scientifico disciplinari","Public event mainly focused around the use of products / content related to education, arts (visual, literary, performative, musical ...) and the disciplines of scientific disciplines",1.3,Conferenza e summit,Confernce and summit,Conferenze ,Conferences and summits,"Questo concetto include eventi pubblici che radunano/aggregano/richiamano un pubblico interessato a partecipare a  conferenze e raduni quali che hanno finalità di presentazione e discussione di tematiche contemporanee su campi vari della cultura quali la scienza, l'economia, la tecnica, questioni sociali, non prevalentemente a scopi commerciali.  ","This concept includes public events such as conferences, summits, congresses and colloquiums.",1.3.2,Vertice,Summit,,,Rientrano in questo concetto anche eventi come il G7 il G20,This concept includes also events such as G7 and G20 summit,,,
1,Evento culturale,Cultural event,Eventi culturali,"Evento pubblico prevalentemente focalizzato attorno alla fruizione di prodotti/contenuti legati all'educazione/istruzione, alle arti (visive, letterarie, performative, musicali ...) e alle discipline dei settori scientifico disciplinari","Public event mainly focused around the use of products / content related to education, arts (visual, literary, performative, musical ...) and the disciplines of scientific disciplines",1.3,Conferenza e summit,Confernce and summit,Conferenze ,Conferences and summits,"Questo concetto include eventi pubblici che radunano/aggregano/richiamano un pubblico interessato a partecipare a  conferenze e raduni quali che hanno finalità di presentazione e discussione di tematiche contemporanee su campi vari della cultura quali la scienza, l'economia, la tecnica, questioni sociali, non prevalentemente a scopi commerciali.  ","This concept includes public events such as conferences, summits, congresses and colloquiums.",1.3.3,Congresso,Congress,Congressi,,,,,,
1,Evento culturale,Cultural event,Eventi culturali,"Evento pubblico prevalentemente focalizzato attorno alla fruizione di prodotti/contenuti legati all'educazione/istruzione, alle arti (visive, letterarie, performative, musicali ...) e alle discipline dei settori scientifico disciplinari","Public event mainly focused around the use of products / content related to education, arts (visual, literary, performative, musical ...) and the disciplines of scientific disciplines",1.4,Giornata informativa,Info day,Giornate informative,Info days,"Questo concetto include eventi pubblici come giornate aperte, giornate informative, incontri informativi e eventi di networking.","This concept includes public events such as open days, information days, information meetings and networking events.",1.4.1,Giornata aperta,Open day,Incontro informativo,Giornate aperte,,,,,
2,Evento sociale,Social event,Eventi sociali,"Evento pubblico prevalentemente focalizzato sulla funzione aggregativa sociale, ricreativa","Public event mainly focused on social, recreational aggregative function",2.1,Concorso e cerimonia,Competition and award ceremony,Concorsi e cerimonie,Competitions and award ceremonies,"Questo concetto include eventi pubblici come cerimonie di premiazione, competizioni e concorsi.","This concept includes public events such as award ceremonies, competitions and contests.",2.1.1,Cerimonia,Ceremony,Cerimonie,Ceremonies,Questo concetto include quindi anche le inaugurazioni e le assegnazioni di premi,This concept includes then the inauguration events and the award,,,
2,Evento sociale,Social event,Eventi sociali,"Evento pubblico prevalentemente focalizzato sulla funzione aggregativa sociale, ricreativa","Public event mainly focused on social, recreational aggregative function",2.1,Concorso e cerimonia,Competition and award ceremony,Concorsi e cerimonie,Competitions and award ceremonies,"Questo concetto include eventi pubblici come cerimonie di premiazione, competizioni e concorsi.","This concept includes public events such as award ceremonies, competitions and contests.",2.1.2,Concorso / Competizione,Competetion,Concorsi / Competizioni,Contest,,,,,
2,Evento sociale,Social event,Eventi sociali,"Evento pubblico prevalentemente focalizzato sulla funzione aggregativa sociale, ricreativa","Public event mainly focused on social, recreational aggregative function",2.2,Dibattito pubblico,Public Debate,Dibattiti pubblici,Public debates,"Questo concetto include eventi pubblici come dibattiti pubblici, dialoghi, forum e incontri pubblici, prevalentemente finalizzati attorno a temi relativi a questioni civiche, sociali. ","This concept includes public events such as public debates, dialogues, forums and public meetings.",2.2.1,Dibattito / Dialogo pubblico ,Public Debate / Dialogue,Dibattiti / Dialoghi pubblici,Dialogue,,,,,
2,Evento sociale,Social event,Eventi sociali,"Evento pubblico prevalentemente focalizzato sulla funzione aggregativa sociale, ricreativa","Public event mainly focused on social, recreational aggregative function",2.2,Dibattito pubblico,Public Debate,Dibattiti pubblici,Public debates,"Questo concetto include eventi pubblici come dibattiti pubblici, dialoghi, forum e incontri pubblici, prevalentemente finalizzati attorno a temi relativi a questioni civiche, sociali. ","This concept includes public events such as public debates, dialogues, forums and public meetings.",2.2.2,Forum,Forum,,,,,,,
2,Evento sociale,Social event,Eventi sociali,"Evento pubblico prevalentemente focalizzato sulla funzione aggregativa sociale, ricreativa","Public event mainly focused on social, recreational aggregative function",2.3,Incontro con esperti,Partner meeting,Incontri con gli esperti,Partner meetings,"Questo concetto include eventi pubblici come incontri con esperti, riunioni generali e incontri con i portatori di interesse.","This concept includes public events such as expert meetings, general meetings and stakeholder meetings.",2.3.1,Riunione esperti / portatori interesse,Experts / stakeholdesr meeting,Riunioni epersti/portatori interesse,Experts / stakeholders meetings,,,,,
2,Evento sociale,Social event,Eventi sociali,"Evento pubblico prevalentemente focalizzato sulla funzione aggregativa sociale, ricreativa","Public event mainly focused on social, recreational aggregative function",2.3,Incontro con esperti,Partner meeting,Incontri con gli esperti,Partner meetings,"Questo concetto include eventi pubblici come incontri con esperti, riunioni generali e incontri con i portatori di interesse.","This concept includes public events such as expert meetings, general meetings and stakeholder meetings.",2.3.2,Hackathon / Datathon,Hackathon /Datathon,,,,,,,
2,Evento sociale,Social event,Eventi sociali,"Evento pubblico prevalentemente focalizzato sulla funzione aggregativa sociale, ricreativa","Public event mainly focused on social, recreational aggregative function",2.4,Raduno di cominità,Community gathering,Raduni di comunità,,"Questo concetto include eventi pubblici che richiamano un pubblico interessato a partecipare a ""momenti aggregativi comunitari"" di vario genere, come feste di quartiere, festa patronale, raduni amatoriali, hobbistici, ma non religiose ecc. ","This concept includes public events such as folkloric and religious feasts, festivals, amateur competition, traditional gastronomic events, public celebration ",2.4.1,Sfilata,Parade,Siflate,,"Per esempio la sfilata dei carri di carnevale, le sfilate di moda","For instance, the parade of the Italian carnival wagons, the fashion shows",,,
2,Evento sociale,Social event,Eventi sociali,"Evento pubblico prevalentemente focalizzato sulla funzione aggregativa sociale, ricreativa","Public event mainly focused on social, recreational aggregative function",2.4,Raduno di cominità,Community gathering,Raduni di comunità,,"Questo concetto include eventi pubblici che richiamano un pubblico interessato a partecipare a ""momenti aggregativi comunitari"" di vario genere, come feste di quartiere, festa patronale, raduni amatoriali, hobbistici, ma non religiose ecc. ","This concept includes public events such as folkloric and religious feasts, festivals, amateur competition, traditional gastronomic events, public celebration ",2.4.2,Sagra,Popular feast,Sagre,Local Festival,,,,,
2,Evento sociale,Social event,Eventi sociali,"Evento pubblico prevalentemente focalizzato sulla funzione aggregativa sociale, ricreativa","Public event mainly focused on social, recreational aggregative function",2.4,Raduno di cominità,Community gathering,Raduni di comunità,,"Questo concetto include eventi pubblici che richiamano un pubblico interessato a partecipare a ""momenti aggregativi comunitari"" di vario genere, come feste di quartiere, festa patronale, raduni amatoriali, hobbistici, ma non religiose ecc. ","This concept includes public events such as folkloric and religious feasts, festivals, amateur competition, traditional gastronomic events, public celebration ",2.4.3,Torneo storico / Palio,Historical Tournament ,Tornei storici,,,,,,
2,Evento sociale,Social event,Eventi sociali,"Evento pubblico prevalentemente focalizzato sulla funzione aggregativa sociale, ricreativa","Public event mainly focused on social, recreational aggregative function",2.4,Raduno di cominità,Community gathering,Raduni di comunità,,"Questo concetto include eventi pubblici che richiamano un pubblico interessato a partecipare a ""momenti aggregativi comunitari"" di vario genere, come feste di quartiere, festa patronale, raduni amatoriali, hobbistici, ma non religiose ecc. ","This concept includes public events such as folkloric and religious feasts, festivals, amateur competition, traditional gastronomic events, public celebration ",2.4.4,Festa patronale / Festa dei santi,Patronal Feat / Saint Feast,Feste patronali / Feste dei santi,,,,,,
2,Evento sociale,Social event,Eventi sociali,"Evento pubblico prevalentemente focalizzato sulla funzione aggregativa sociale, ricreativa","Public event mainly focused on social, recreational aggregative function",2.4,Raduno di cominità,Community gathering,Raduni di comunità,,"Questo concetto include eventi pubblici che richiamano un pubblico interessato a partecipare a ""momenti aggregativi comunitari"" di vario genere, come feste di quartiere, festa patronale, raduni amatoriali, hobbistici, ma non religiose ecc. ","This concept includes public events such as folkloric and religious feasts, festivals, amateur competition, traditional gastronomic events, public celebration ",2.4.5,Marcato / Mercatino,Market / Street market,Mecarti / Mercatini,,,,,,
2,Evento sociale,Social event,Eventi sociali,"Evento pubblico prevalentemente focalizzato sulla funzione aggregativa sociale, ricreativa","Public event mainly focused on social, recreational aggregative function",2.4,Raduno di cominità,Community gathering,Raduni di comunità,,"Questo concetto include eventi pubblici che richiamano un pubblico interessato a partecipare a ""momenti aggregativi comunitari"" di vario genere, come feste di quartiere, festa patronale, raduni amatoriali, hobbistici, ma non religiose ecc. ","This concept includes public events such as folkloric and religious feasts, festivals, amateur competition, traditional gastronomic events, public celebration ",2.4.6,Commemorazione,Commemoration,Commemorazioni,,,,,,
2,Evento sociale,Social event,Eventi sociali,"Evento pubblico prevalentemente focalizzato sulla funzione aggregativa sociale, ricreativa","Public event mainly focused on social, recreational aggregative function",2.5,Evento religioso,Religious event,Eventi religiosi,,Questo concetto include eventi pubblici focalizzati principalmente su attività aggregative connesse alle pratiche religiose,This concept includes public evenst focused mainly on aggregative activities related to religious practices,2.5.1,Giubileo,Jubilee,Giubilei,,,,,,
2,Evento sociale,Social event,Eventi sociali,"Evento pubblico prevalentemente focalizzato sulla funzione aggregativa sociale, ricreativa","Public event mainly focused on social, recreational aggregative function",2.5,Evento religioso,Religious event,Eventi religiosi,,Questo concetto include eventi pubblici focalizzati principalmente su attività aggregative connesse alle pratiche religiose,This concept includes public evenst focused mainly on aggregative activities related to religious practices,2.5.2,Udienza giubilare,Jubilee hearing,Udienze giubilari,,,,,,
2,Evento sociale,Social event,Eventi sociali,"Evento pubblico prevalentemente focalizzato sulla funzione aggregativa sociale, ricreativa","Public event mainly focused on social, recreational aggregative function",2.5,Evento religioso,Religious event,Eventi religiosi,,Questo concetto include eventi pubblici focalizzati principalmente su attività aggregative connesse alle pratiche religiose,This concept includes public evenst focused mainly on aggregative activities related to religious practices,2.5.3,Processione,Procession ,Processioni,,,,,,
2,Evento sociale,Social event,Eventi sociali,"Evento pubblico prevalentemente focalizzato sulla funzione aggregativa sociale, ricreativa","Public event mainly focused on social, recreational aggregative function",2.5,Evento religioso,Religious event,Eventi religiosi,,Questo concetto include eventi pubblici focalizzati principalmente su attività aggregative connesse alle pratiche religiose,This concept includes public evenst focused mainly on aggregative activities related to religious practices,2.5.4,Celebrazione ecumenica,Ecumenical Celebration ,Celebrazioni ecumeniche,,,,,,
2,Evento sociale,Social event,Eventi sociali,"Evento pubblico prevalentemente focalizzato sulla funzione aggregativa sociale, ricreativa","Public event mainly focused on social, recreational aggregative function",2.5,Evento religioso,Religious event,Eventi religiosi,,Questo concetto include eventi pubblici focalizzati principalmente su attività aggregative connesse alle pratiche religiose,This concept includes public evenst focused mainly on aggregative activities related to religious practices,2.5.5,Lettura religiosa,Religious reading,Letture religiose,,,,,,
2,Evento sociale,Social event,Eventi sociali,"Evento pubblico prevalentemente focalizzato sulla funzione aggregativa sociale, ricreativa","Public event mainly focused on social, recreational aggregative function",2.5,Evento religioso,Religious event,Eventi religiosi,,Questo concetto include eventi pubblici focalizzati principalmente su attività aggregative connesse alle pratiche religiose,This concept includes public evenst focused mainly on aggregative activities related to religious practices,2.5.6,Raduno religioso,Religious Gathering ,Raduni religiosi,,Per esempio il raduno della gioventù cattolica,For instance the gathering of youth,,,
2,Evento sociale,Social event,Eventi sociali,"Evento pubblico prevalentemente focalizzato sulla funzione aggregativa sociale, ricreativa","Public event mainly focused on social, recreational aggregative function",2.5,Evento religioso,Religious event,Eventi religiosi,,Questo concetto include eventi pubblici focalizzati principalmente su attività aggregative connesse alle pratiche religiose,This concept includes public evenst focused mainly on aggregative activities related to religious practices,2.5.7,Santificazione,Sanctification  ,Santificazioni,,,,,,
3,Evento politico,Political event,Eventi politici,Evento pubblico generalmente riconducibile all'iniziativa di partito/movimento politico focalizzato prevalentemente sulla funzione aggregativa di un gruppo o comunità,Public event generally referable to the party / political movement initiative focused mainly on the aggregative function of a group or community,3.1,Incontro politico,Political meeting,Incontri politici,Political meetings,Questo concetto include eventi politici che coinvolgono il pubbico.,This concept includes political events involving the public.,3.1.1,Congresso / riunione di partito,Party congress / meeting,Congressi / riunioni di partito,,,,,,
3,Evento politico,Political event,Eventi politici,Evento pubblico generalmente riconducibile all'iniziativa di partito/movimento politico focalizzato prevalentemente sulla funzione aggregativa di un gruppo o comunità,Public event generally referable to the party / political movement initiative focused mainly on the aggregative function of a group or community,3.1,Incontro politico,Political meeting,Incontri politici,Political meetings,Questo concetto include eventi politici che coinvolgono il pubbico ,This concept includes political events involving the public.,3.1.2,Corteo / sciopero,Political procession / strike,Cortei / sicoperi,,,,,,
3,Evento politico,Political event,Eventi politici,Evento pubblico generalmente riconducibile all'iniziativa di partito/movimento politico focalizzato prevalentemente sulla funzione aggregativa di un gruppo o comunità,Public event generally referable to the party / political movement initiative focused mainly on the aggregative function of a group or community,3.1,Incontro politico,Political meeting,Incontri politici,Political meetings,Questo concetto include eventi politici che coinvolgono il pubbico ,This concept includes political events involving the public.,3.1.3,Comizio elettorale,Electoral speech,Comizi elettorali,,,,,,
4,Evento d'affari o commerciale,Business event,Eventi d'affari o commerciali,"Evento Commerciale - promozionale, di mercato, a scopo di business","Commercial Event - promotional, market, for business purposes",4.1,Fiera / Salone,Exhibition,Fiere / Saloni,Exhibitions,"Questo concetto include eventi pubblici quali expo, fiere, saloni orientati al business.","This concept includes public events such as expos, exhibitions and fairs.",4.1.1,Fiera / Salone,Exhibition,Fiere / Saloni,Exhibitions,,,,,
4,Evento d'affari o commerciale,Business event,Eventi d'affari o commerciali,"Evento Commerciale - promozionale, di mercato, a scopo di business","Commercial Event - promotional, market, for business purposes",4.1,Fiera / Salone,Exhibition,Fiere / Saloni,Exhibitions,"Questo concetto include eventi pubblici quali expo, fiere, saloni orientati al business ","This concept includes public events such as expos, exhibitions and fairs.",4.1.2,Esposizione / Esposizione globale,Expo global,Esposizioni / Esposizioni globali,,,,,,
4,Evento d'affari o commerciale,Business event,Eventi d'affari o commerciali,"Evento Commerciale - promozionale, di mercato, a scopo di business","Commercial Event - promotional, market, for business purposes",4.2,Riunione d'affari,Business meeting,Riunioni d'affari,Business meetings,"Questo concetto include tutti quegli eventi pubblici riconducibili a riunioni d'affari come per esempio convention, tavole rotonde, ecc.","This concept includes all those public events that are business meetings such as convention, round tables, etc.",4.2.1,Riunione d'affari,Business meeting,Riunioni d'affari,,,,,,
4,Evento d'affari o commerciale,Business event,Eventi d'affari o commerciali,"Evento Commerciale - promozionale, di mercato, a scopo di business","Commercial Event - promotional, market, for business purposes",4.2,Riunione d'affari,Business meeting,Riunioni d'affari,Business meetings,"Questo concetto include tutti quegli eventi pubblici riconducibili a riunioni d'affari come per esempio convention, tavole rotonde, ecc.","This concept includes all those public events that are business meetings such as convention, round tables, etc.",4.2.2,Convention,Convention,,,,,,,
4,Evento d'affari o commerciale,Business event,Eventi d'affari o commerciali,"Evento Commerciale - promozionale, di mercato, a scopo di business","Commercial Event - promotional, market, for business purposes",4.2,Riunione d'affari,Business meeting,Riunioni d'affari,Business meetings,"Questo concetto include tutti quegli eventi pubblici riconducibili a riunioni d'affari come per esempio convention, tavole rotonde, ecc.","This concept includes all those public events that are business meetings such as convention, round tables, etc.",4.2.3,Tavola rotonda,Round table,Tavole rotonde,,,,,,
4,Evento d'affari o commerciale,Business event,Eventi d'affari o commerciali,"Evento Commerciale - promozionale, di mercato, a scopo di business","Commercial Event - promotional, market, for business purposes",4.3,Evento stagionale commerciale,Seasonal business event,Eventi stagionali commerciali,Seasonal business events,Questo concetto include quegli eventi commerciali di impatto pubbico che avvengono solo stagionalmente come i saldi,"This concept includes all those commercial events that have a public impact and that happen seasonaly (e.g., sales)",4.3.1,Vendita di fine stagione,Sale,Saldi stagionali,Saldi,,,,,
5,Evento sportivo,Sport event,Eventi sportivi,Evento pubblico prevalentemente focalizzato sulla fruizione e/o partecipazione ad attività sportive (competitive e non competitive),Public event mainly focused on fruition and / or participation in sport activities (competitive and non-competitive),5.1,Manifestazione sportiva,Sport show,Maniferstazioni sportive,Sport shows,Questo concetto include tutti gli eventi pubblici sportivi sia con che senza competizione,This concept includes all public sport events (both with and without any competition),5.1.1,Partita,Match,Partite,,,,,,
5,Evento sportivo,Sport event,Eventi sportivi,Evento pubblico prevalentemente focalizzato sulla fruizione e/o partecipazione ad attività sportive (competitive e non competitive),Public event mainly focused on fruition and / or participation in sport activities (competitive and non-competitive),5.1,Maniferstazione sportiva,Sport show,Maniferstazioni sportive,Sport shows,Questo concetto include tutti gli eventi pubblici sportivi sia con che senza competizione,This concept includes all public sport events (both with and without any competition),5.1.2,Gara / Torneo / Competizione,Sport competition ,Gare / Tornei / Competizioni,,,,,,
5,Evento sportivo,Sport event,Eventi sportivi,Evento pubblico prevalentemente focalizzato sulla fruizione e/o partecipazione ad attività sportive (competitive e non competitive),Public event mainly focused on fruition and / or participation in sport activities (competitive and non-competitive),5.1,Maniferstazione sportiva,Sport show,Maniferstazioni sportive,Sport shows,Questo concetto include tutti gli eventi pubblici sportivi sia con che senza competizione,This concept includes all public sport events (both with and without any competition),5.1.3,Escursione,Excursion,Escursioni,,,,,,
5,Evento sportivo,Sport event,Eventi sportivi,Evento pubblico prevalentemente focalizzato sulla fruizione e/o partecipazione ad attività sportive (competitive e non competitive),Public event mainly focused on fruition and / or participation in sport activities (competitive and non-competitive),5.1,Maniferstazione sportiva,Sport show,Maniferstazioni sportive,Sport shows,Questo concetto include tutti gli eventi pubblici sportivi sia con che senza competizione,This concept includes all public sport events (both with and without any competition),5.1.4,Galà sportivo,Sport gala,Galà sportivi,,,,,,
5,Evento sportivo,Sport event,Eventi sportivi,Evento pubblico prevalentemente focalizzato sulla fruizione e/o partecipazione ad attività sportive (competitive e non competitive),Public event mainly focused on fruition and / or participation in sport activities (competitive and non-competitive),5.1,Maniferstazione sportiva,Sport show,Maniferstazioni sportive,Sport shows,Questo concetto include tutti gli eventi pubblici sportivi sia con che senza competizione,This concept includes all public sport events (both with and without any competition),5.1.5,Corsa,Race,Corse,,,,,,
5,Evento sportivo,Sport event,Eventi sportivi,Evento pubblico prevalentemente focalizzato sulla fruizione e/o partecipazione ad attività sportive (competitive e non competitive),Public event mainly focused on fruition and / or participation in sport activities (competitive and non-competitive),5.1,Maniferstazione sportiva,Sport show,Maniferstazioni sportive,Sport shows,Questo concetto include tutti gli eventi pubblici sportivi sia con che senza competizione,This concept includes all public sport events (both with and without any competition),5.1.6,Raduno sportivo,Sport gathering,Raduni sportivi,,,,,,
